Reference,Institution_Name,Address_1,Postcode,Email,Institution_Type,Latitude,Longitude,Pupil_Teacher_Ratio,Number_Pupils_2015
1AB0427,174 Trust Playgroup,Duncairn Complex,BT14 6BP,kaokane@outlook.com,VP Pre-schools,54.61253,-5.93645,,
5420059,Abbey Christian Brothers Grammar School,77a Ashgrove Road,BT34 2QN,info@abbey.newry.ni.sch.uk,Secondary (grammar) school,54.19349,-6.32846,15.81,902
3210313,Abbey Community College,Bridge Road,BT37 0EA,info@abbeycommunitycollege.newtownabbey.ni.sch.uk,Secondary (non-grammar) school,54.69015,-5.91848,13.5,613
4016399,Abbey Primary School,90 MOVILLA ROAD,BT23 8RQ,info@abbeyprimary.newtownards.ni.sch.uk,Primary school,54.59601,-5.66723,24.83,550
3010862,Abbots Cross Primary School,86 DOAGH ROAD,BT37 9QW,info@abbotscrossps.newtownabbey.ni.sch.uk,Primary school,54.66801,-5.91408,19.06,305
5011594,Abercorn Primary School,NEWRY ROAD,BT32 3HR,info@abercorn.banbridge.ni.sch.uk,Primary school,54.34449101,-6.274800943,23.67,364
4016201,Academy Primary School,194 LISTOODER ROAD,BT24 7JA,info@academyps.ballynahinch.ni.sch.uk,Primary school,54.45582,-5.83136,25.75,378
3066568,Acorn Integrated Primary School,110 VICTORIA ROAD,BT38 7JL,info@acornintegratedps.carrickfergus.ni.sch.uk,Primary school,54.73025,-5.79689,22.82,201
3AB0128,Aghadowey Pre-School Playgroup,32 Mullaghinch Road,BT51 4AP,,VP Pre-schools,55.02852,-6.61896,,0
2011873,Aghadrumsee Primary School,14 AGHADRUMSEE ROAD,BT92 7AU,info@aghadrumseeps.enniskillen.ni.sch.uk,Primary school,54.22984,-7.27745,15,32
5BB0202,Aghagallon Pre-School,St Patricks Primary School,BT67 0AR,aghagallonpreschool@gmail.com,VP Pre-schools,54.50933,-6.29315,,0
3AB0640,Ahoghill & District Community Pre-School Playgroup,58 Cardonaghy Road,BT42 1EF,,VP Pre-schools,54.86877,-6.36601,,0
4013046,Alexander Dickson Primary School,COMBER ROAD,BT23 5TN,info@adps.newtownards.ni.sch.uk,Primary school,54.50364,-5.78846,20.11,92
4056541,All Childrens Integrated Primary School,3A King Street,BT33 0HD,info@allchildrensint.newcastle.ni.sch.uk,Primary school,54.20117,-5.8931,23.6,216
2036557,All Saints Primary School,42 TATTYSALLAGH ROAD,BT78 5BR,info@allsaints.omagh.ni.sch.uk,Primary school,54.56059,-7.40137,20.4,96
3AB0353,Alphabet Playgroup,Community Centre,BT38 8TE,,VP Pre-schools,54.6975,-5.87108,,0
2032722,Altishane Primary School,139 DUNNYBOE ROAD,BT82 0RE,info@altishaneps.strabane.ni.sch.uk,Primary school,54.83664,-7.28007,8.5,17
3012234,Ampertaine Primary School,94 KILREA ROAD,BT46 5SB,info@ampertaineps.maghera.ni.sch.uk,Primary school,54.88365,-6.63151,23.33,126
4AB0431,Anahilt Pre-School Playgroup,29a West Winds Terrace,BT26 6BS,anahiltplaygroup@hotmail.co.uk,VP Pre-schools,54.43622,-5.99911,,0
4011608,Anahilt Primary School,248 BALLYNAHINCH ROAD,BT26 6BP,info@anahiltps.hillsborough.ni.sch.uk,Primary school,54.43679,-6.00042,21.28,123
3032257,Anahorish Primary School,120 DEERPARK ROAD,BT41 3SS,info@anahorishps.antrim.ni.sch.uk,Primary school,54.76633,-6.50263,22.75,182
5031146,Anamar Primary School,67 KILTYBANE ROAD,BT35 9BH,info@anamar.crossmaglen.ni.sch.uk,Primary school,54.11035,-6.61837,11.67,33
4016126,Andrews Memorial Primary School,4 BALLYGOWAN ROAD,BT23 5PG,info@andrewsmemorialps.newtownards.ni.sch.uk,Primary school,54.54686,-5.75425,24.14,338
5011684,Annalong Primary School,31 KILKEEL ROAD,BT34 4TH,info@annalongps.annalong.ni.sch.uk,Primary school,54.10725,-5.90284,26.07,133
4053009,Annsborough Primary School,51 BALLYLOUGH ROAD,BT31 9NN,info@annsboroughinte.castlewellan.ni.sch.uk,Primary school,54.26768,-5.92063,14,42
3410209,Antrim Grammar School,10 STEEPLE ROAD,BT41 1AF,info@antrimgrammar.antrim.ni.sch.uk,Secondary (grammar) school,54.72363,-6.21251,16.08,738
3010829,Antrim Primary School,31 STATION ROAD,BT41 4AB,info@antrimps.antrim.ni.sch.uk,Primary school,54.71678,-6.21577,24.92,603
4BB0310,Apple Blossom Pre-School,St Joseph's Primary School,BT30 9HS,glasswater.preschool@outlook.com,VP Pre-schools,54.39775,-5.76448,,0
3CB0567,Appletree Childcare,37 - 39 Tirkeeran Road,BT51 5AX,,VP Pre-schools,54.96866,-6.70652,,0
1420277,Aquinas Diocesan Grammar School,518 RAVENHILL ROAD,BT6 0BY,info@aquinas.belfast.ni.sch.uk,Secondary (grammar) school,54.57617,-5.90744,15.3,811
4BB0158,Ardglass Community Playgroup,21 Downpatrick Road,BT30 7SF,acp598@btconnect.com,VP Pre-schools,54.26602,-5.61502,,0
4310019,Ardmore House Special School,95A SAUL STREET,BT30 6NJ,info@ardmorespec.downpatrick.ni.sch.uk,Special school,54.33057,-5.71065,0.17,0
2316695,Ardnashee School and College,15 Racecourse Road,BT48 7RE,info@asc.lderry.ni.sch.uk,Special school,55.01788,-7.31656,6.75,0
2BB0444,Ardstraw Community Playgroup,11A Deerpark Road,BT78 4LL,,VP Pre-schools,54.73214,-7.45286,,0
2016701,Ardstraw Jubilee Primary School,Deerpark Road,BT78 4LA,info@ajps.ardstraw.ni.sch.uk,Primary school,54.73214,-7.45286,25.46,87
1110001,Arellian Nursery School,50 BENTHAM DRIVE,BT12 5NS,info@arellianns.belfast.ni.sch.uk,Nursery school,54.59053,-5.94569,30,0
3AB0354,Armoy Cross Community Playgroup,12 Main Street,BT53 8RQ,,VP Pre-schools,55.13109,-6.32632,,0
3016040,Armoy Primary School,2 GRACEHILL ROAD,BT53 8TD,info@armoyps.ballymoney.ni.sch.uk,Primary school,55.12789,-6.32796,18.94,81
5011115,Armstrong Primary School,6 COLLEGE HILL,BT61 9DF,info@armstrong.armagh.ni.sch.uk,Primary school,54.35171,-6.65128,21.54,516
2016068,Artigarvan Primary School,31 BERRYHILL ROAD,BT82 0HN,info@artigarvanps.strabane.ni.sch.uk,Primary school,54.85488,-7.41044,20.31,117
2316661,Arvalee School and Resource Centre,17 DEVERNEY ROAD,BT79 0ND,info@asrc.omagh.ni.sch.uk,Special school,54.59421,-7.25847,6.17,0
1210015,Ashfield Boys' High School,395 HOLYWOOD ROAD,BT4 2LY,info@ashfieldboys.belfast.ni.sch.uk,Secondary (non-grammar) school,54.60831,-5.86252,15.9,744
1210014,Ashfield Girls' High School,397 HOLYWOOD ROAD,BT4 2LY,info@ashgirls.belfast.ni.sch.uk,Secondary (non-grammar) school,54.6096,-5.86554,16.03,704
3116214,Ashgrove Nursery School,57 ASHGROVE ROAD,BT36 6LJ,info@ashgrovens.carnmoney.ni.sch.uk,Nursery school,54.67707,-5.95022,26,0
5116112,Ashgrove Nursery School,23 CHESTNUT GROVE,BT34 1JT,info@ashgrovens.newry.ni.sch.uk,Nursery school,54.18765,-6.32456,18.97,0
5AB0604,Ashgrove Pre-School Playgroup,157 Garvaghey Road,BT62 1EZ,,VP Pre-schools,54.43219,-6.45427,,0
3016244,Ashgrove Primary School,ASHGROVE ROAD,BT36 6LJ,info@ashgroveps.newtownabbey.ni.sch.uk,Primary school,54.67753,-5.94897,22.9,365
2016124,Ashlea Primary School,163 STEVENSON PARK,BT47 3QT,info@ashlea.londonderry.ni.sch.uk,Primary school,54.97365,-7.28592,21.67,52
4420086,Assumption Grammar School,22-24 BELFAST ROAD,BT24 8EA,info@assumption.ballynahinch.ni.sch.uk,Secondary (grammar) school,54.40531,-5.8967,15.68,836
5AB0232,Atticall Pre-School Playgroup,Atticall Community Centre,BT34 4RZ,atticallplaygroup@outlook.com,VP Pre-schools,54.10391,-6.06233,,0
5012635,Augher Central Primary School,17 KNOCKMANY ROAD,BT77 0BE,info@aughercentral.augher.ni.sch.uk,Primary school,54.43229,-7.13576,18.29,86
5210153,Aughnacloy High School,23 CARNTEEL ROAD,BT69 6DX,info@ahs.aughnacloy.ni.sch.uk,Secondary (non-grammar) school,54.41909,-6.965,11.49,153
5AB0233,Aughnacloy Playgroup Ltd,Unit 1,BT69 6DU,aughnacloyplaygroup@hotmail.co.uk,VP Pre-schools,54.41801,-6.97037,,0
5012621,Aughnacloy Primary School,1 CARNTEEL ROAD,BT69 6DU,info@aughnacloyps.aughnacloy.ni.sch.uk,Primary school,54.41641,-6.97006,22.83,137
3AB0568,Ballee pre-School Playgroup,20 Antrim Road,BT42 2BJ,,VP Pre-schools,54.85359,-6.27464,,0
2011893,Ballinamallard Primary School,19 BARAGH ROAD,BT94 2NY,info@ballinamallardps.enniskillen.ni.sch.uk,Primary school,54.42414,-7.59608,20.41,144
3AB0101,Ballinascreen Early Years,The Business Park,BT45 7AG,,VP Pre-schools,54.79559,-6.7815,,0
5AB0217,Ballinderry Playgroup,Ballinderry Parochial Centre,BT80 0AY,ballinderryplaygroup@btconnect.com,VP Pre-schools,54.66954,-6.54657,,0
4016202,Ballinderry Primary School,8D CRUMLIN ROAD,BT28 2BF,info@ballinderryps.lisburn.ni.sch.uk,Primary school,54.54562,-6.25691,21.66,204
2012095,Ballougry Primary School,30A MULLENAN ROAD,BT48 9XN,info@ballougryps.londonderry.ni.sch.uk,Primary school,54.97118,-7.38495,26.33,79
4AB0151,Ballybeen Women's Centre Pre-School,34 Ballybeen Square,BT16 2QE,linda@ballybeenwomenscentre.org,VP Pre-schools,54.59088,-5.79129,,0
4010720,Ballycarrickmaddy Primary School,1A KILLULTAGH ROAD,BT28 2NX,info@ballycarrickmaddyps.lisburn.ni.sch.uk,Primary school,54.55026,-6.14451,26.43,178
3AB0116,Ballycarry Playgroup,Old Presbyterian Church Hall,BT38 9HG,,VP Pre-schools,54.77188,-5.75148,,0
3010809,Ballycarry Primary School,23 HILLHEAD ROAD,BT38 9HE,info@ballycarryps.carrickfergus.ni.sch.uk,Primary school,54.77627,-5.75245,28.17,72
3210124,Ballycastle High School,33 RATHLIN ROAD,BT54 6LD,info@ballycastlehigh.ballycastle.ni.sch.uk,Secondary (non-grammar) school,55.20399,-6.24967,14.87,411
3053333,Ballycastle Integrated Primary School,43 QUAY ROAD,BT54 6BJ,info@ballycastleips.ballycastle.ni.sch.uk,Primary school,55.20358,-6.24199,22.54,176
3410008,Ballyclare High School,31 RASHEE ROAD,BT39 9HJ,info@ballyclarehigh.ballyclare.ni.sch.uk,Secondary (grammar) school,54.75463,-6.00355,15.89,1225
3116220,Ballyclare Nursery School,GRANGE DRIVE,BT39 9EY,info@ballyclarens.ballyclare.ni.sch.uk,Nursery school,54.75323,-6.0125,18.97,0
3010631,Ballyclare Primary School,DOAGH ROAD,BT39 9BG,info@ballyclareps.ballyclare.ni.sch.uk,Primary school,54.75168,-6.00229,25.52,495
3210134,Ballyclare Secondary School,19 DOAGH ROAD,BT39 9BG,info@ballyclaresec.ballyclare.ni.sch.uk,Secondary (non-grammar) school,54.7504,-6.00279,13.69,1022
3013331,Ballycraigy Primary School,22 BRACKEN AVENUE,BT41 1PU,info@ballycraigyps.antrim.ni.sch.uk,Primary school,54.70699,-6.18977,17.23,143
4AB0171,Ballycrochan Playgroup,Ballycrochan Presbyterian Church,BT19 6EU,micheleroberts2000@gmail.com,VP Pre-schools,54.65186,-5.63399,,0
5011617,Ballydown Primary School,64 LISNAREE ROAD,BT32 4JN,info@ballydown.banbridge.ni.sch.uk,Primary school,54.3433,-6.23255,25.22,312
5AB0205,Ballygawley Early Years,Fairfield House Playing Fields,BT70 2HD,ballygawleyearlyyears@hotmail.com,VP Pre-schools,54.46082,-7.03081,,0
4BB0167,Ballygowan Community Playgroup,Alexander Dickson Primary School,BT23 5TN,ballygowancommunityplaygroup@hotmail.co.uk,VP Pre-schools,54.50364,-5.78846,,0
3032104,Ballyhackett Primary School,50 ALTIKEERAGH ROAD,BT51 4SR,info@ballyhackettps.castlerock.ni.sch.uk,Primary school,55.13868,-6.81702,13.67,40
3116166,Ballyhenry Nursery School,GLENVARNA COURT,BT36 5JD,info@ballyhenryns.glengormley.ni.sch.uk,Nursery school,54.67917,-5.96781,26.5,0
3016170,Ballyhenry Primary School,BALLYHENRY AVENUE,BT36 5AZ,info@ballyhenryps.newtownabbey.ni.sch.uk,Primary school,54.67977,-5.96866,19.63,157
5031558,Ballyholland Primary School,60 BETTYS HILL ROAD,BT34 2ND,info@ballyholland.newry.ni.sch.uk,Primary school,54.15413,-6.29348,25.66,229
4AB0275,Ballyholme Presbyterian Church Playgroup,Ballyholme Presbyterian Church,BT20 5RD,bpchpreschool@btinternet.com,VP Pre-schools,54.66252,-5.6395,,0
4011650,Ballyholme Primary School,GLENBURN PARK,BT20 5RG,info@ballyholmeps.bangor.ni.sch.uk,Primary school,54.66313,-5.63886,24.79,631
3013315,Ballykeel Primary School,22 CREBILLY ROAD,BT42 4DN,info@ballykeelps.ballymena.ni.sch.uk,Primary school,54.85935,-6.25591,20.38,378
2012298,Ballykelly Primary School,8 GLENHEAD ROAD,BT49 9JS,info@ballykelly.limavady.ni.sch.uk,Primary school,55.04296,-7.01616,20.96,275
4AB0374,Ballykinlar Cross Community Preschool,The Playing Fields,BT30 8DJ,stephaniemurray1@aol.com,VP Pre-schools,54.25647,-5.79357,,0
5032208,Ballylifford Primary School,142 BALLINDERRY BRIDGE ROAD,BT80 0AY,info@ballylifford.cookstown.ni.sch.uk,Primary school,54.66968,-6.54753,20.25,67
4016441,Ballymacash Primary School,16 BROKERSTOWN ROAD,BT28 2EE,info@ballymacashps.lisburn.ni.sch.uk,Primary school,54.52508,-6.08215,27.85,373
4030823,Ballymacrickett Primary School,44 SCROGGY ROAD,BT29 4NE,info@ballymacrickettps.lisburn.ni.sch.uk,Primary school,54.5782,-6.22423,23.6,355
4BB0173,Ballymacward Pre-School Playgroup,Ballymacward Primary School,BT28 3SU,,VP Pre-schools,54.58002,-6.10589,,0
4030573,Ballymacward Primary School,22 ROCK ROAD,BT28 3SU,info@ballymacwardps.lisburn.ni.sch.uk,Primary school,54.58002,-6.10589,16,64
4016430,Ballymagee Primary School,77 ASHBURY AVENUE,BT19 6ZG,info@ballymagee.bangor.ni.sch.uk,Primary school,54.64566,-5.63473,25.37,406
3420011,Ballymena Academy,89 GALGORM ROAD,BT42 1AJ,info@balacademy.ballymena.ni.sch.uk,Secondary (grammar) school,54.86499,-6.29292,15.88,1225
3110037,Ballymena Nursery School,TROSTAN AVENUE,BT43 7BL,info@ballymenans.ballymena.ni.sch.uk,Nursery school,54.86246,-6.26794,20.8,0
3010875,Ballymena Primary School,101 BALLYMONEY ROAD,BT43 5BX,info@ballymenaps.ballymena.ni.sch.uk,Primary school,54.87066,-6.2817,26.23,299
3AB0355,Ballymoney & District Community Playgroup,Trinity Church Hall,BT53 6BY,,VP Pre-schools,55.071,-6.50887,,0
3050866,Ballymoney Controlled Integrated Primary School,23 NORTH ROAD,BT53 6BW,info@ballymoneymodelcips.ballymoney.ni.sch.uk,Primary school,55.07209,-6.52423,21.3,354
3210133,Ballymoney High School,17 GARRYDUFF ROAD,BT53 7AN,info@ballymoneyhigh.ballymoney.ni.sch.uk,Secondary (non-grammar) school,55.06822,-6.5033,14.32,649
3116034,Ballymoney Nursery School,NORTH ROAD,BT53 6BW,info@ballymoneyns.ballymoney.ni.sch.uk,Nursery school,55.07225,-6.52333,21.11,0
4011567,Ballynahinch Primary School,CROOB PARK,BT24 8BB,info@ballynahinchps.ballynahinch.ni.sch.uk,Primary school,54.3991,-5.90373,21.13,198
3010802,Ballynure Primary School,2 LISMENARY ROAD,BT39 9UE,info@ballynureps.ballynure.ni.sch.uk,Primary school,54.77371,-5.95419,19,133
5016117,Ballyoran Primary School,BALLYORAN PARK,BT62 1JY,info@ballyoran.portadown.ni.sch.uk,Primary school,54.43281,-6.4525,18.53,200
3AB0264,Ballyronan Community Playgroup,Marine Centre,BT45 6JA,,VP Pre-schools,54.70916,-6.52962,,0
3116263,Ballysally Nursery School,BALLYSALLY LANE,BT52 2QA,info@ballysallyns.coleraine.ni.sch.uk,Nursery school,55.14988,-6.66046,26,0
3016252,Ballysally Primary School,DANE'S HILL ROAD,BT52 2QU,info@ballysallyps.coleraine.ni.sch.uk,Primary school,55.14639,-6.66074,15.25,244
1016076,Ballysillan Primary School,BALLYSILLAN PARK,BT14 8LT,info@ballysillan.belfast.ni.sch.uk,Primary school,54.63236,-5.96992,22.37,144
3010892,Ballytober Primary School,60 PRIESTLAND ROAD,BT57 8UR,info@ballytoberps.bushmills.ni.sch.uk,Primary school,55.1852,-6.55429,22.5,81
5012615,Ballytrea Primary School,52 GORTNASKEA ROAD,BT71 5NY,info@ballytrea.stewartstown.ni.sch.uk,Primary school,54.61112,-6.65606,17.96,78
4011265,Ballyvester Primary School,244 KILLAUGHEY ROAD,BT21 0NF,info@ballyvesterps.donaghadee.ni.sch.uk,Primary school,54.62597,-5.55909,21.48,116
4BB0432,Ballywalter Pre-School Unit,C/O Ballywalter Primary School,BT22 2NT,,VP Pre-schools,54.54533,-5.48737,,0
4011566,Ballywalter Primary School,12 STUMP ROAD,BT22 2NT,info@ballywalterps.newtownards.ni.sch.uk,Primary school,54.54533,-5.48737,21.13,169
3016447,Balnamore Primary School,80 BALNAMORE ROAD,BT53 7PT,info@balnamoreps.ballymoney.ni.sch.uk,Primary school,55.06492,-6.56349,19.51,103
2AB0299,Banagher Community Playgroup,4a Beechmount,BT47 4TZ,,VP Pre-schools,54.89287,-7.02161,,0
3AB0106,Banana Bunch Playgroup,Whitehead Presbyterian Church Hall,BT38 9PU,,VP Pre-schools,54.75353,-5.71312,,0
5410013,Banbridge Academy,LURGAN ROAD,BT32 4AQ,info@banbridgeacademy.banbridge.ni.sch.uk,Secondary (grammar) school,54.35685,-6.2707,17.09,1320
5210047,Banbridge High School,69A PRIMROSE GARDENS,BT32 3EW,info@banbridgehigh.banbridge.ni.sch.uk,Secondary (non-grammar) school,54.34497,-6.27792,12.33,503
5116238,Banbridge Nursery School,3A LURGAN ROAD,BT32 4AF,info@banbridgens.banbridge.ni.sch.uk,Nursery school,54.35565,-6.26825,26,0
4AB0472,Bangor Abbey Pre-School Centre,Temporary Accommodation,BT20 3JW,,VP Pre-schools,54.65172,-5.6817,,0
4210296,Bangor Academy and 6th Form College,2 Castle Park Road,BT20 4TB,info@bangoracademy.bangor.ni.sch.uk,Secondary (non-grammar) school,54.65724,-5.66469,16.32,1483
4051680,Bangor Central Integrated Primary School,6 CASTLE PARK ROAD,BT20 4TF,info@bangorcips.bangor.ni.sch.uk,Primary school,54.65818,-5.66693,24.19,602
4110029,Bangor Central Nursery School,4 Castle Park Road,BT20 4TF,info@bangorns.bangor.ni.sch.uk,Nursery school,54.65856,-5.66741,26.25,0
4420015,Bangor Grammar School,Gransha Road,BT19 7QU,info@bgs.bangor.ni.sch.uk,Secondary (grammar) school,54.64262,-5.64773,16.74,874
4AB0164,Bangor West Nursery Playgroup,West Church Halls,BT19 1DF,,VP Pre-schools,54.66011,-5.70287,,0
4116018,Barbour Nursery School,73 ASHMOUNT GARDENS,BT27 5BZ,info@barbourns.lisburn.ni.sch.uk,Nursery school,54.51173,-6.02837,26,0
3030800,Barnish Primary School,100 CUSHENDALL ROAD,BT54 6QY,info@barnishps.ballycastle.ni.sch.uk,Primary school,55.20007,-6.18979,17.67,53
5AB0505,Beacon Playgroup,52 Milburn Close,BT80 8HF,alicestewart1@hotmail.co.uk,VP Pre-schools,54.65094,-6.75227,,0
4310008,Beechlawn Special School,3 DROMORE ROAD,BT26 6PA,info@beechlawnss.hillsborough.ni.sch.uk,Special school,54.4585,-6.08623,7.71,0
4AB0433,Bees Nees Early Years Centre,8a Glenard Road,BT23 4HS,,VP Pre-schools,54.5992,-5.69927,,0
2AB0320,Belcoo Playgroup,Community Centre,BT93 5DS,,VP Pre-schools,54.30158,-7.87875,,0
1210022,Belfast Boys' Model School,BALLYSILLAN ROAD,BT14 6RB,info@bbms.belfast.ni.sch.uk,Secondary (non-grammar) school,54.63248,-5.96157,13.45,968
3420077,Belfast High School,740 SHORE ROAD,BT37 0PX,info@belfasthigh.newtownabbey.ni.sch.uk,Secondary (grammar) school,54.68683,-5.87643,15.89,917
1210021,Belfast Model School For Girls,35 Dunowen Gardens,BT14 6NQ,info@girlsmodel.belfast.ni.sch.uk,Secondary (non-grammar) school,54.62444,-5.95533,14.14,910
1420028,Belfast Royal Academy,5-17 CLIFTONVILLE ROAD,BT14 6JL,info@bfsra.belfast.ni.sch.uk,Secondary (grammar) school,54.61479,-5.93908,16.88,1400
3012290,Bellaghy Primary School,79 WILLIAM STREET,BT45 8HZ,info@bellaghyps.magherafelt.ni.sch.uk,Primary school,54.81133,-6.5142,14,56
2012087,Bellarena Primary School,260 SEACOAST ROAD,BT49 0JB,info@bellarenaps.limavady.ni.sch.uk,Primary school,55.11761,-6.95377,19.5,39
2AB0319,Belleek Pre-School Playgroup,Stepping Stones Centre,BT93 3FY,,VP Pre-schools,54.47978,-8.09047,,0
2011860,Belleek(2) Primary School,CORRY,BT93 3EZ,info@belleekps.belleek.ni.sch.uk,Primary school,54.47058,-8.0956,14.17,31
2116345,Belmont Nursery School,19B RACECOURSE ROAD,BT48 8NF,info@belmontnurseryschool.co.uk,Nursery school,55.01799,-7.31897,27.5,0
1BB0494,Belmont Playcare,215 Belmont Road,BT4 2DG,info@belmontplaygroup.org,VP Pre-schools,54.59878,-5.86641,,0
1010012,Belmont Primary School,215 BELMONT ROAD,BT4 2AG,info@belmont.belfast.ni.sch.uk,Primary school,54.59878,-5.86641,23.52,254
4013013,Belvoir Park Primary School,BELVOIR DRIVE,BT8 7DL,info@belvoirps.belfast.ni.sch.uk,Primary school,54.55143,-5.93096,17.13,254
1620028,Ben Madigan Preparatory School,690 ANTRIM ROAD,BT15 5GP,info@benmadigan.belfast.ni.sch.uk,Preparatory Schools,54.64413,-5.93679,17.75,142
5AB0406,Benburb Community Playgroup,3 Drumgoose Road,BT71 7JT,benburb@btconnect.com,VP Pre-schools,54.4143,-6.74519,,0
1BB0024,Benmore Playgroup,C/O Finaghy Primary Campus,BT10 0DR,benmoreplaygroup@yahoo.co.uk,VP Pre-schools,54.55943,-5.98179,,0
5011179,Bessbrook Primary School,14 CHURCH ROAD,BT35 7AQ,info@bessbrookps.bessbrook.ni.sch.uk,Primary school,54.19491,-6.39713,22.73,74
1130027,Bethlehem Nursery School,516 RAVENHILL ROAD,BT6 0BW,info@bethlehemns.belfast.ni.sch.uk,Nursery school,54.5788,-5.9105,26,0
4CA0616,Big Red Balloon Day Nursery,64 Broadway,BT20 4RG,,VP Pre-schools,54.65836,-5.65631,,0
5011174,Birches Primary School,14 CLONMAKATE ROAD,BT62 1LR,info@birches.portadown.ni.sch.uk,Primary school,54.48833,-6.54945,23.86,167
1016059,Blackmountain Primary School,BLACK MOUNTAIN PLACE,BT13 3TT,info@blackmountain.belfast.ni.sch.uk,Primary school,54.6008,-5.97868,13.63,143
4260309,Blackwater Integrated College,12 Old Belfast Road,BT30 6SG,info@blackwateric.downpatrick.ni.sch.uk,Secondary (non-grammar) school,54.33884,-5.71559,10.45,213
5011602,Bleary Primary School,6 DEAN'S ROAD,BT66 8TD,info@bleary.craigavon.ni.sch.uk,Primary school,54.42462,-6.34141,17.69,113
5032463,Blessed Patrick O'loughran Primary School,136 OLD CAULFIELD ROAD,BT70 3NQ,info@castlecaulfield.dungannon.ni.sch.uk,Primary school,54.5053,-6.82981,20.89,90
2116266,Bligh's Lane Nursery School,3 BLIGH'S LANE,BT48 9PJ,info@blighslanens.derry.ni.sch.uk,Nursery school,54.99551,-7.33831,28,0
1410315,Bloomfield Collegiate,8 ASTORIA GARDENS,BT5 6HW,info@bloomfield.belfast.ni.sch.uk,Secondary (grammar) school,54.59413,-5.86458,15.8,691
4013023,Bloomfield Primary School,BLOOMFIELD ROAD SOUTH,BT19 7PN,info@bloomfieldps.bangor.ni.sch.uk,Primary school,54.6445,-5.65864,21.41,395
1016207,Blythefield Primary School,BLYTHE STREET,BT12 5HX,info@blythefield.belfast.ni.sch.uk,Primary school,54.59156,-5.94318,18,90
2AB0528,Bo Peeps Playgroup,Boho Community Hall,BT74 5BE,,VP Pre-schools,54.34517,-7.80708,,0
4AB0165,Bo-Peep Corner Pre-School Playgroup,St Gall's Church,BT19 1BT,,VP Pre-schools,54.66037,-5.71267,,0
5016138,Bocombra Primary School,1 OLD LURGAN ROAD,BT63 5SG,info@bocombra.portadown.ni.sch.uk,Primary school,54.43029,-6.41221,24.88,323
5BB0324,Bosco Community Playgroup,19 Loy Street,BT80 8PZ,annemcgirr27@gmail.com,VP Pre-schools,54.64324,-6.74537,,0
1016499,Botanic Primary School,6 BOTANIC COURT,BT7 1QY,info@botanic.belfast.ni.sch.uk,Primary school,54.58172,-5.92933,17.62,192
5016098,Brackenagh West Primary School,22 CHURCH ROAD,BT34 4QB,info@brackenaghwest.kilkeel.ni.sch.uk,Primary school,54.09891,-5.97042,22.48,178
3066551,Braidside Integrated Primary School,87 FRY'S ROAD,BT43 7EN,info@braidsideintegratedps.ballymena.ni.sch.uk,Primary school,54.88092,-6.26168,20.76,291
2BB0342,Brambly Hedge Community Playgroup,12 Cloughboy Road,BT82 0DN,,VP Pre-schools,54.92131,-7.42196,,0
4011683,Braniel Primary School,RAVENSWOOD PARK,BT5 7JU,info@branielps.belfast.ni.sch.uk,Primary school,54.57745,-5.8606,21.02,313
2016645,Bready Jubilee Primary School,12 CLOUGHBOY ROAD,BT82 0DN,info@bready.strabane.ni.sch.uk,Primary school,54.92131,-7.42196,25.42,122
4210316,Breda Academy,NEWTOWNBREDA ROAD,BT8 6PY,info@breda.belfast.ni.sch.uk,Secondary (non-grammar) school,54.55493,-5.91503,14.03,900
1110028,Brefne Nursery School,111 SALISBURY AVE,BT15 5EB,info@brefnens.belfast.ni.sch.uk,Nursery school,54.63051,-5.94188,26,0
5066540,Bridge Integrated Primary School,70 BALLYGOWAN ROAD,BT32 3EL,info@bridge.banbridge.ni.sch.uk,Primary school,54.34448,-6.28375,25.08,416
1CA0635,Bright Sparks,Skainos Building,BT5 4HR,tanya.malone@ebm.org.uk,VP Pre-schools,54.59843,-5.89944,,0
4BB0584,Bright Sparks Pre-School,Crawfordsburn Primary School,BT19 1JA,,VP Pre-schools,54.65785,-5.72436,,0
2032278,Broadbridge Primary School,3 COOLAFINNY ROAD,BT47 3PG,info@broadbridge.derry.ni.sch.uk,Primary school,55.03198,-7.18514,23.17,417
5AA0197,Brockagh Playgroup,Brockagh Youth Centre,BT71 5DQ,margaret-fitz@hotmail.co.uk,VP Pre-schools,54.55519,-6.6072,,0
5016612,Bronte Primary School,39 BALLINASKEAGH ROAD,BT32 5BL,info@bronte.banbridge.ni.sch.uk,Primary school,54.26302,-6.23987,25.78,170
2AB0318,Brookeborough & District Community Playgroup,Station House,BT94 4EZ,,VP Pre-schools,54.31437,-7.40822,,0
2011894,Brookeborough Primary School,BROOKEBOROUGH,BT94 4EZ,info@brookeboroughps.enniskillen.ni.sch.uk,Primary school,54.31494,-7.40359,23,67
4316022,Brookfield Special School,65 HALFPENNY GATE ROAD,BT67 0HP,info@brookfieldss.craigavon.ni.sch.uk,Special school,54.48972,-6.18449,9.35,0
4016503,Brooklands Primary School,2A BROOKLANDS AVENUE,BT16 2PA,info@brooklandsps.belfast.ni.sch.uk,Primary school,54.59455,-5.7918,22.7,473
3AB0142,Broughshane Centre of Early Learning,Community Centre,BT42 4JY,,VP Pre-schools,54.89339,-6.21508,,0
3013310,Broughshane Primary School,46A HOUSTON PARK,BT42 4LB,info@broughshaneps.ballymena.ni.sch.uk,Primary school,54.89154,-6.21572,22.56,329
4BA0602,Brownlee Playgroup by Little Rays,C/O Brownlee Primary School,BT27 4AA,,VP Pre-schools,54.5134,-6.04277,,0
4010762,Brownlee Primary School,WALLACE AVENUE,BT27 4AA,info@brownleeps.lisburn.ni.sch.uk,Primary school,54.5134,-6.04277,24.25,200
5250216,Brownlow Int College,TULLYGALLY ROAD,BT65 5BS,info@brownlowcollege.craigavon.ni.sch.uk,Secondary (non-grammar) school,54.44838,-6.36382,10.11,270
2CA0621,Buddies Childtime Centre,18 Woodbank Road,BT79 0NB,,VP Pre-schools,54.591,-7.24856,,0
3010714,Buick Memorial Primary School,62 MAIN STREET,BT42 1BW,info@buickmemorialps.cullybackey.ni.sch.uk,Primary school,54.8873,-6.35288,19.7,303
2AB0445,Bunnahone Bunnies Cross Community Playgroup,Tir Navar Complex,BT93 6HW,,VP Pre-schools,54.41871,-7.82086,,0
5046597,Bunscoil an Iuir,74 KILMOREY STREET,BT34 2DH,info@bunscoilaniuir.newry.ni.sch.uk,Primary school,54.16904,-6.33377,19.77,87
2046669,Bunscoil an Traonaigh,Drumbrughas North,BT92 OPE,info@bunscoilantraonaigh.lisnaskea.ni.sch.uk,Primary school,54.26303,-7.4621,15,45
1046593,Bunscoil An Tsleibhe Dhuibh,15A Ballymurphy Road,BT12 7JL,info@bunscoilantsleibhedhuibh.belfast.ni.sch.uk,Primary school,54.59268,-5.97886,19.18,159
1046596,Bunscoil Bheann Mhadagain,WYNDHAM DRIVE,BT14 6HP,info@bunscoilbheannmhadagain.belfast.ni.sch.uk,Primary school,54.61834,-5.95029,19.38,125
4046648,Bunscoil Bheanna Boirche,27 Bunker's Hill,BT31 9EB,info@bunscoilbb.castlewellan.ni.sch.uk,Primary school,54.25386,-5.93764,17.2,86
2036574,Bunscoil Cholmcille,40A STEELSTOWN ROAD,BT48 8EX,info@gaeloid.doire.ni.sch.uk,Primary school,55.02862,-7.30803,18.17,83
1016647,Bunscoil Mhic Reachtain,10A LANCASTER STREET,BT15 1EZ,info@bunscoilmhicreachtain.belfast.ni.sch.uk,Primary school,54.60577,-5.92862,21,84
1046501,Bunscoil Phobal Feirste,11 ROSGOILL PARK,BT11 9QS,info@bunscoilphobalfeirste.belfast.ni.sch.uk,Primary school,54.57356,-6.00466,24.23,263
5016391,Bush Primary School,31 MULLAGHTEIGE ROAD,BT71 6QU,info@bush.dungannon.ni.sch.uk,Primary school,54.51682,-6.72426,23.33,189
3010873,Bushmills Primary School,5 PRIESTLAND ROAD,BT57 8QW,info@bushmillsps.bushmills.ni.sch.uk,Primary school,55.20497,-6.52783,19.33,90
3016594,Bushvalley Primary School,175 BALLINLEA ROAD,BT53 8PR,info@bushvalleyps.ballymoney.ni.sch.uk,Primary school,55.11761,-6.41426,17.57,133
3BB0359,Busy Bee Playgroup,15 Station Road,BT46 5BS,,VP Pre-schools,54.84416,-6.66862,,0
2AA0063,Busy Bees Nursery,61 Farnamullen Road,BT94 5DZ,,VP Pre-schools,54.30877,-7.5411,,0
4AB0508,Busy Bees Playgroup,Elim Pentecostal Church,BT26 6DY,,VP Pre-schools,54.46841,-6.1165,,0
5AB0228,Busy Bees Playgroup (Burren),St Mary's Hall,BT34 3QT,busybees333@hotmail.com,VP Pre-schools,54.13485,-6.26024,,0
5AB0200,Buttonmoon Pre-School Playgroup,Recreation Centre,BT62 2DG,adela.kidzplay@gmail.com,VP Pre-schools,54.35419,-6.40982,,0
4CA0634,Cabbage Patch Day Nursery,2B Ballycrochan Road,BT19 6NF,cabbagepatchdaynursery@gmail.com,VP Pre-schools,54.65664,-5.6276,,0
3016269,Cairncastle Primary School,12 CAIRNCASTLE ROAD,BT40 2RB,info@cairncastleps.larne.ni.sch.uk,Primary school,54.89732,-5.86449,22.43,125
4013024,Cairnshill Primary School,6A CAIRNSHILL DRIVE,BT8 6RT,info@cairnshillps.belfast.ni.sch.uk,Primary school,54.55194,-5.90177,22.53,476
5AB0238,Caledon Playgroup,13a Derrycourtney Road,BT68 4UF,caledonplaygroup@btinternet.com,VP Pre-schools,54.35114,-6.83891,,0
3410297,Cambridge House Grammar School,1 CAMBRIDGE AVENUE,BT42 2EH,info@cambridgehousegrammar.ballymena.ni.sch.uk,Secondary (grammar) school,54.85743,-6.29346,19.15,904
1420020,Campbell College,BELMONT ROAD,BT4 2ND,info@campbell.belfast.ni.sch.uk,Secondary (grammar) school,54.60128,-5.84923,13.79,900
1620020,Campbell College Junior School,562-594 Upper Newtownards Road,BT4 3HJ,info@campbellcollegejs.belfast.ni.sch.uk,Preparatory Schools,54.5961,-5.84849,17.12,250
3013322,Camphill Primary School,65 CAROLHILL PARK,BT42 2DG,info@camphillps.ballymena.ni.sch.uk,Primary school,54.84979,-6.28019,24.05,404
2AB0066,Carebears Community Playgroup,c/o Newtownstewart Centre,BT78 4AP,,VP Pre-schools,54.71517,-7.37718,,0
3052071,Carhill Integrated Primary School,78 CARHILL ROAD,BT51 5PQ,info@carhillintps.garvagh.ni.sch.uk,Primary school,54.9517,-6.68022,16.75,67
3010825,Carnaghts Primary School,48 VALLEY ROAD,BT42 2LX,info@carnaghtsps.ballymena.ni.sch.uk,Primary school,54.81895,-6.26447,21.52,102
3010470,Carnalbanagh Primary School,1 GLENVIEW ROAD,BT44 0DL,info@carnalbanaghps.ballymena.ni.sch.uk,Primary school,54.90468,-6.02302,16.25,39
3012049,Carnalridge Primary School,135 ATLANTIC ROAD,BT56 8PB,info@carnalridgeps.portrush.ni.sch.uk,Primary school,55.18367,-6.65748,22.86,192
2116267,Carnhill Nursery School,1 VILLAGE LANE GLENGALLIAGH ROAD,BT48 8DU,info@carnhillns.derry.ni.sch.uk,Nursery school,55.02667,-7.31763,26,0
3016129,Carniny Primary School,61 OLD CULLYBACKEY ROAD,BT43 5JR,info@carninyps.ballymena.ni.sch.uk,Primary school,54.87282,-6.29797,25.11,291
3050519,Carnlough Controlled Integrated Primary School,9 HARBOUR ROAD,BT44 0EU,info@carnloughps.carnlough.ni.sch.uk,Primary school,54.99249,-5.98958,15,36
3013301,Carnmoney Primary School,275 CARNMONEY ROAD,BT36 6JS,info@carnmoneyps.newtownabbey.ni.sch.uk,Primary school,54.68269,-5.95008,25.56,402
5012696,Carntall Primary School,5 AGHINTAIN ROAD,BT76 0UY,info@carntall.clogher.ni.sch.uk,Primary school,54.42756,-7.20393,15.91,70
4011584,Carr Primary School,336 COMBER ROAD,BT27 6TB,info@carrps.lisburn.ni.sch.uk,Primary school,54.49833,-5.93402,17.06,57
1010282,Carr's Glen Primary School,629-633 OLDPARK ROAD,BT14 6QX,info@carrsglen.belfast.ni.sch.uk,Primary school,54.62518,-5.96208,22.9,371
5BB0538,Carrick Pre-School,63 Ballydesland Road,BT34 3QA,carrickps2@gmail.com,VP Pre-schools,54.13488,-6.25926,,0
5011127,Carrick Primary School,SLOAN AVENUE,BT66 8NY,info@carrick.lurgan.ni.sch.uk,Primary school,54.45802,-6.34223,18.45,377
5031609,Carrick Primary School,61 BALLYDESLAND ROAD,BT34 3QA,info@carrick.warrenpoint.ni.sch.uk,Primary school,54.13434,-6.25802,25.87,406
3010841,Carrickfergus Central Primary School,THOMAS STREET,BT38 8AL,info@carrickcentralps.carrickfergus.ni.sch.uk,Primary school,54.7167,-5.81217,16.36,72
3210091,Carrickfergus College,110 NORTH ROAD,BT38 7QX,info@carrickcollege.carrickfergus.ni.sch.uk,Secondary (non-grammar) school,54.72753,-5.81326,15.87,684
3410098,Carrickfergus Grammar School,120 NORTH ROAD,BT38 7RA,info@carrickfergusgrammar.carrickfergus.ni.sch.uk,Secondary (grammar) school,54.72995,-5.81712,16.38,806
3010553,Carrickfergus Model Primary School,4 BELFAST ROAD,BT38 8BU,info@carrickmodelps.carrickfergus.ni.sch.uk,Primary school,54.71222,-5.81635,24.88,398
4011310,Carrickmannon Primary School,77 CARRICKMANNON ROAD,BT23 6JJ,info@carrickmannonps.newtownards.ni.sch.uk,Primary school,54.48021,-5.77834,22.95,101
4BB0375,Carrowdore Early Years Centre,Carrowdore Primary School,BT22 2JJ,,VP Pre-schools,54.57844,-5.55324,,0
4016020,Carrowdore Primary School,CASTLE PLACE,BT22 2JJ,info@carrowdoreps.newtownards.ni.sch.uk,Primary school,54.57844,-5.55324,21.32,158
3010572,Carrowreagh Primary School,110B FINVOY ROAD,BT53 7JL,info@carrowreaghps.ballymoney.ni.sch.uk,Primary school,55.02146,-6.50692,27.67,83
4BB0170,Carryduff Pre-School Playgroup,20a Church Road,BT8 8DT,,VP Pre-schools,54.51461,-5.88592,,0
4013044,Carryduff Primary School,KILLYNURE ROAD,BT8 8EE,info@carryduffps.belfast.ni.sch.uk,Primary school,54.51509,-5.88525,18.34,193
4011462,Castle Gardens Primary School,69 BOWTOWN ROAD,BT23 8SH,info@castlegdns.newtownards.ni.sch.uk,Primary school,54.58707,-5.67272,22.62,235
3013704,Castledawson Primary School,72 MAIN STREET,BT45 8AB,info@castledawson.magherafelt.ni.sch.uk,Primary school,54.77725,-6.56013,18.6,93
2210065,Castlederg High School,16 CASTLEGORE ROAD,BT81 7RU,info@chs.castlederg.ni.sch.uk,Secondary (non-grammar) school,54.70197,-7.59535,13.76,421
4116240,Castlereagh Nursery School,135 CLONDUFF DRIVE,BT6 9NR,info@castlereaghns.belfast.ni.sch.uk,Nursery school,54.57586,-5.88086,26,0
3AB0119,Castlerock Community Playgroup,Peter Thompson Hall,BT51 4TP,,VP Pre-schools,55.16556,-6.78944,,0
3012288,Castleroe Primary School,120 CASTLEROE ROAD,BT51 3RN,info@castleroeps.coleraine.ni.sch.uk,Primary school,55.10539,-6.65661,19.1,102
3BB0607,Castletower Pre-School,Castletower Special School,BT43 7EN,,VP Pre-schools,54.88263,-6.2638,,0
3316676,Castletower School,91 Fry's Road,BT43 7EN,info@castletower.ballymena.ni.sch.uk,Special school,54.88263,-6.2638,6.43,0
4AB0435,Castlewellan Community Playgroup,32 Circular Road,BT31 9ED,,VP Pre-schools,54.25628,-5.94009,,0
4011599,Castlewellan Primary School,2 CHURCH STREET,BT31 9EG,info@castlewellanps.castlewellan.ni.sch.uk,Primary school,54.25745,-5.9387,11.15,50
3CA0631,Causeway Pre-School,113 Causeway Street,BT56 8JE,,VP Pre-schools,55.20241,-6.64701,,0
1010831,Cavehill Primary School,UPPER CASTLE PARK,BT15 5FG,info@cavehill.belfast.ni.sch.uk,Primary school,54.63589,-5.9449,24.58,408
5316521,Ceara Special School,SLOAN STREET,BT66 8NY,info@ceara.lurgan.ni.sch.uk,Special school,54.45926,-6.34297,6.02,0
4066588,Cedar Integrated Primary School,29 KILMORE ROAD,BT30 9HJ,info@cedarips.downpatrick.ni.sch.uk,Primary school,54.39374,-5.76483,22.13,191
1310003,Cedar Lodge Special School,24 Landsdowne Park North,BT15 4AE,info@cedarlodge.belfast.ni.sch.uk,Special school,54.63519,-5.92768,9.46,0
2BB0565,Chapel Road Community Playgroup,Knockdara Park,BT47 2BD,,VP Pre-schools,54.99006,-7.30775,,0
2036465,Chapel Road Primary School,KNOCKDARA PARK,BT47 2BD,info@chapelroadps.derry.ni.sch.uk,Primary school,54.99006,-7.30775,20.83,200
1CA0636,Child's Play Day Nursery,14 Dundela Avenue,BT4 3BQ,heather.hewitt@hotmail.co.uk,VP Pre-schools,54.59959,-5.8802,,0
5CA0596,Child's Play Pre-School,St Teresa Parish Church,BT32 3AF,mariawalshy@hotmail.com,VP Pre-schools,54.34539,-6.26686,,0
4AB0283,Chirpy Chicks Playgroup,Village Hall,BT22 2QH,,VP Pre-schools,54.53725,-5.56694,,0
2036449,Christ the King Primary School,34 GORTIN ROAD,BT79 7HX,info@christtheking.omagh.ni.sch.uk,Primary school,54.61349,-7.30183,17.08,179
4031328,Christ the King Primary School,9 DRUMSNADE ROAD,BT24 8NG,info@christtheking.ballynahinch.ni.sch.uk,Primary school,54.36199,-5.86291,20.6,103
4036618,Christ the Redeemer Primary School,LAGMORE DRIVE,BT17 0TG,info@redeemerps.lagmore.ni.sch.uk,Primary school,54.5501,-6.0329,23.26,600
1230146,Christian Brothers School,GLEN ROAD,BT11 8BW,info@christianbrothers.belfast.ni.sch.uk,Secondary (non-grammar) school,54.57998,-5.99733,16.06,498
2420064,Christian Brothers' Grammar School,KEVLIN ROAD,BT78 1LD,info@cbs.omagh.ni.sch.uk,Secondary (grammar) school,54.59776,-7.30239,15.32,976
5031110,Christian Brothers' Primary School,GREENPARK KEADY ROAD,BT60 4AB,info@armaghcbs.armagh.ni.sch.uk,Primary school,54.34214,-6.66019,19.62,450
4BB0174,Chuckles Playgroup,51 Abbeydale Park,BT23 8RE,,VP Pre-schools,54.59622,-5.67224,,0
5012538,Churchill Primary School,4 CHURCH HILL ROAD,BT68 4UY,info@churchill.caledon.ni.sch.uk,Primary school,54.35323,-6.8372,17.06,58
5016141,Churchtown Primary School,36 MUFF ROAD,BT80 9XA,info@churchtown.cookstown.ni.sch.uk,Primary school,54.68544,-6.74773,13.33,32
5210121,City Armagh High School,88-96 ALEXANDER ROAD,BT61 7JH,info@armaghhigh.armagh.ni.sch.uk,Secondary (non-grammar) school,54.3568,-6.65167,11.5,276
5AB0399,Clady Tiny Tots Playgroup,88 Cladymore Road,BT60 2EP,cladytinytots368@yahoo.co.uk,VP Pre-schools,54.25664,-6.56298,,0
4011670,Clandeboye Primary School,CLANDEBOYE ROAD,BT20 3JW,info@clandeboyeps.bangor.ni.sch.uk,Primary school,54.65172,-5.6817,22.38,282
1316584,Clarawood Special School,CLARAWOOD PARK,BT5 6FR,info@clarawood.belfast.ni.sch.uk,Special school,54.58638,-5.86859,1.9,0
5011142,Clare Primary School,58 CLOGHOGE ROAD,BT62 2HB,info@clareps.tandragee.ni.sch.uk,Primary school,54.32668,-6.44942,25.52,148
5031108,Clea Primary School,85 CLAY ROAD,BT60 3QX,info@cleaps.keady.ni.sch.uk,Primary school,54.21835,-6.71433,25.5,96
4316518,Clifton Special School,292A OLD BELFAST ROAD,BT19 BT1,info@cliftonss.bangor.ni.sch.uk,Special school,54.64931,-5.71198,6.43,0
1056483,Cliftonville Integrated Primary School,93 CLIFTONVILLE ROAD,BT14 6JQ,info@cliftonville.belfast.ni.sch.uk,Primary school,54.61774,-5.94405,18.41,287
5031080,Clintyclay Primary School,81 CLONMORE ROAD,BT71 6HX,info@clintyclay.dungannon.ni.sch.uk,Primary school,54.47091,-6.6425,17.73,38
5AB0331,Clogher Valley Playgroup,7 Tullybroom Road,BT76 0UW,cloghervalleyplaygroup@btconnect.com,VP Pre-schools,54.4167,-7.17229,,0
5031086,Clonalig Primary School,120 CONCESSION ROAD,BT35 9JE,info@clonalig.culloville.ni.sch.uk,Primary school,54.05648,-6.62205,20.22,180
5AB0203,Clonduff Playgroup,Carcullion House,BT34 5TU,clonduffpg@hotmail.com,VP Pre-schools,54.19183,-6.14373,,0
3010834,Clough Primary School,20 DRUMAGROVE ROAD,BT44 9RY,info@cloughps.ballymena.ni.sch.uk,Primary school,54.96555,-6.28482,19.85,146
3BB0360,Cloughmills Early Years,Youth Wing,BT44 9LF,,VP Pre-schools,54.99773,-6.33014,,0
3016260,Cloughmills Primary School,MAIN STREET,BT44 9LF,info@cloughmillsps.cloughmills.ni.sch.uk,Primary school,54.99773,-6.33014,17,74
5031130,Cloughoge Primary School,81 CHANCELLORS ROAD,BT35 8NG,info@cloughoge.newry.ni.sch.uk,Primary school,54.16185,-6.35627,25.74,399
5210043,Clounagh Junior High School,BROWNSTOWN ROAD,BT62 3QA,info@clounagh.portadown.ni.sch.uk,Secondary (non-grammar) school,54.41735,-6.45874,16.41,613
5012649,Coagh Primary School,31 URBAL ROAD,BT80 0DW,info@coaghps.coagh.ni.sch.uk,Primary school,54.64633,-6.62074,19.32,85
1240291,Colaiste Feirste,7 BEECHVIEW PARK,BT12 7PY,info@colaistefeirste.belfast.ni.sch.uk,Secondary (non-grammar) school,54.59182,-5.97117,13.15,605
3210300,Coleraine College,14 CARTHALL ROAD,BT51 3LR,info@colerainecollege.coleraine.ni.sch.uk,Secondary (non-grammar) school,55.13247,-6.68634,10.29,212
3420317,Coleraine Grammar,23-33 CASTLEROCK ROAD,BT51 3LA,info@colerainegrammar.coleraine.ni.sch.uk,Secondary (grammar) school,55.13662,-6.68562,16.5,1490
5136607,College Farm Nursery School,LOWER DESART LANE,BT61 8AN,info@collegefarmns.armagh.ni.sch.uk,Nursery school,54.35388,-6.66276,26,0
4011588,Comber Primary School,DARRAGH ROAD,BT23 5BX,info@comberps.newtownards.ni.sch.uk,Primary school,54.55251,-5.74308,22,345
4136212,Convent of Mercy Nursery School,FOLLY LANE,BT30 6NF,info@conventofmercyns.downpatrick.ni.sch.uk,Nursery school,54.32587,-5.71439,26,0
5210230,Cookstown High School,COOLNAFRANKIE DEMESNE,BT80 8PQ,info@chs.cookstown.ni.sch.uk,Secondary (non-grammar) school,54.64335,-6.73708,14.1,787
5116237,Cookstown Nursery School,COOLNAFRANKY ESTATE,BT80 8PF,info@cookstownns.cookstown.ni.sch.uk,Nursery school,54.64243,-6.7415,26,0
5012726,Cookstown Primary School,COOLNAFRANKY DEMESNE,BT80 8PF,info@cps.cookstown.ni.sch.uk,Primary school,54.64338,-6.74127,21.25,476
2016663,Cooley Primary School,90 COOLEY ROAD,BT79 9DH,info@cooley.omagh.ni.sch.uk,Primary school,54.55651,-7.12651,20.88,122
1230262,Corpus Christi College,ARD NA VA ROAD,BT12 6FF,info@corpuschristi.belfast.ni.sch.uk,Secondary (non-grammar) school,54.59343,-5.96872,12.83,311
3066561,Corran Integrated Primary School,BLACKCAVE NORTH,BT40 1TP,info@corranintegratedps.larne.ni.sch.uk,Primary school,54.86974,-5.82302,17,140
5011175,Cortamlet Primary School,19 CORTAMLET ROAD,BT35 0EE,info@cortamlet.altnamackin.ni.sch.uk,Primary school,54.17829,-6.62446,22.05,94
4CA0570,Country Kids Day Nursery,223 Killaughey Road,BT21 0LJ,,VP Pre-schools,54.63126,-5.54938,,0
5210282,Craigavon Senior High School,26-34 LURGAN ROAD,BT63 5HJ,info@craigavonsenhigh.portadown.ni.sch.uk,Secondary (non-grammar) school,54.43108,-6.42344,13.85,590
1066580,Cranmore Integrated Primary School,47 FINAGHY ROAD NORTH,BT10 0JB,info@cranmore.belfast.ni.sch.uk,Primary school,54.56725,-5.9836,23,207
1BB0507,Cranmore Integrated Primary School Playgroup,47 Finaghy Road North,BT10 0JB,wdoherty690@c2kni.net,VP Pre-schools,54.56725,-5.9836,,0
4AB0509,Crawfordsburn Playgroup,Ballygilbert Presbyterian Church,BT19 1UH,,VP Pre-schools,54.65273,-5.74653,,0
4011645,Crawfordsburn Primary School,4 COOTEHALL ROAD,BT19 1JA,info@crawfordsburnps.bangor.ni.sch.uk,Primary school,54.65785,-5.72436,24.25,209
3010741,Creavery Primary School,38 THORNHILL ROAD,BT41 2LH,info@creaveryps.antrim.ni.sch.uk,Primary school,54.76154,-6.22925,21.74,90
4BB0162,Cregagh Pre-School Playgroup,Cregagh Youth & Community Centre,BT6 0FL,,VP Pre-schools,54.57548,-5.90085,,0
4011632,Cregagh Primary School,MOUNT MERRION AVENUE,BT6 0FL,info@cregaghps.belfast.ni.sch.uk,Primary school,54.57548,-5.90085,16.53,173
3030434,Creggan Primary School,118 STAFFORDSTOWN ROAD,BT41 3LH,info@cregganps.randalstown.ni.sch.uk,Primary school,54.72271,-6.35563,20.89,117
3230227,Cross and Passion College,10 MOYLE ROAD,BT54 6LA,info@crossandpassion.ballycastle.ni.sch.uk,Secondary (non-grammar) school,55.2031,-6.25414,15.33,739
4BB0185,Crossgar Community Playgroup,Glasswater Primary School,BT30 9EG,,VP Pre-schools,54.39676,-5.75754,,0
3032218,Crossroads Primary School,157 DRUMAGARNER ROAD,BT51 5TW,info@crossroadsps.kilrea.ni.sch.uk,Primary school,54.92022,-6.59187,18.67,112
3BB0127,Crow's Nest Community Playgroup,127 Curragh Road,BT51 4BT,,VP Pre-schools,55.05484,-6.6082,,0
3050859,Crumlin Controlled Intergrated Primary School,27 MILL ROAD,BT29 4XL,info@crumlincips.crumlin.ni.sch.uk,Primary school,54.62205,-6.21367,16.05,144
3250149,Crumlin Integrated College,10 GLENAVY ROAD,BT29 4LA,info@cic.crumlin.ni.sch.uk,Secondary (non-grammar) school,54.61855,-6.21954,6.33,100
3BB0573,Crumlin Integrated Pre School,27 Mill Road,BT29 4XL,,VP Pre-schools,54.62205,-6.21367,,0
3012065,Culcrow Primary School,129 CURRAGH ROAD,BT51 4BT,info@culcrowps.coleraine.ni.sch.uk,Primary school,55.05484,-6.6082,21.36,94
3210172,Cullybackey College,44 POTTINGER STREET,BT42 1BP,info@cullybackeycollege.ballymena.ni.sch.uk,Secondary (non-grammar) school,54.8865,-6.35363,15.76,632
2012052,Culmore Primary School,181 CULMORE ROAD,BT48 8JH,info@culmoreps.londonderry.ni.sch.uk,Primary school,55.05097,-7.27161,15.68,69
3012282,Culnady Primary School,79 BALLYMACILCURR ROAD,BT46 5TT,info@culnadyps.maghera.ni.sch.uk,Primary school,54.86399,-6.62283,8.64,24
2016372,Cumber Claudy Primary School,20 CREGG ROAD,BT47 4HX,info@cumberclaudy.claudy.ni.sch.uk,Primary school,54.91154,-7.16525,19.86,139
4016650,Cumran Primary School,17 THE SQUARE,BT30 8RB,info@cumran.clough.ni.sch.uk,Primary school,54.29124,-5.84095,15.23,169
1010063,Currie Primary School,111-113 LIMESTONE ROAD,BT15 3AB,info@currie.belfast.ni.sch.uk,Primary school,54.61657,-5.93176,15.63,175
3012284,D H Christie Memorial Primary School,45 BALLYCAIRN ROAD,BT51 3HX,info@dhchristiememorialps.coleraine.ni.sch.uk,Primary school,55.14019,-6.68186,22.89,412
5CA0629,Daisy Chain Day Care,Unit 1 61 Concession Road,BT35 9AP,lucy.deery@gmail.com,VP Pre-schools,54.06101,-6.64348,,0
3420012,Dalriada School,ST JAMES ROAD,BT53 6BL,info@dalriada.ballymoney.ni.sch.uk,Secondary (grammar) school,55.07271,-6.52242,16.6,872
3012225,Damhead Primary School,34 DAMHEAD ROAD,BT52 1UF,info@damheadps.coleraine.ni.sch.uk,Primary school,55.10793,-6.60685,25.13,196
5AB0188,Dara Playgroup,17 Drumarg Villas,BT60 4AL,daraplaygroup@gmx.com,VP Pre-schools,54.34473,-6.66407,,0
5011119,Darkley Primary School,71 MOSS ROW,BT60 3BG,info@darkleyps.darkley.ni.sch.uk,Primary school,54.22341,-6.6816,18,72
1230182,De La Salle College,EDENMORE DRIVE,BT11 8LT,info@delasallecollege.belfast.ni.sch.uk,Secondary (non-grammar) school,54.57683,-5.99793,15.07,1117
4230224,De La Salle High School,28 STRUELL ROAD,BT30 6JR,info@dls.downpatrick.ni.sch.uk,Secondary (non-grammar) school,54.33016,-5.70611,14,364
2230138,Dean Maguirc College,26 TERMON ROAD,BT79 9JR,info@deanmaguirccollege.carrickmore.ni.sch.uk,Secondary (non-grammar) school,54.59354,-7.04372,15.56,509
2BB0385,Denamona Pre-School,Denamona Primary School,BT78 2BN,,VP Pre-schools,54.49854,-7.30851,,0
2012660,Denamona Primary School,31 CRAIGAVON ROAD,BT78 2BN,info@denamonaps.fintona.ni.sch.uk,Primary school,54.49854,-7.30851,19.33,58
4011578,Derryboy Primary School,20 MANSE ROAD,BT30 9LY,info@derryboyps.downpatrick.ni.sch.uk,Primary school,54.43735,-5.73081,15.8,81
5032713,Derrychrin Primary School,30 DRUMENNY ROAD,BT80 0BX,info@derrychrin.cookstown.ni.sch.uk,Primary school,54.65373,-6.56076,20.88,142
2011899,Derrygonnelly Primary School,22 CALDRUM ROAD,BT93 6HY,info@derrygonnellyps.enniskillen.ni.sch.uk,Primary school,54.41873,-7.81491,18.53,63
5011157,Derryhale Primary School,116 DERRYHALE ROAD,BT62 3SR,info@derryhale.portadown.ni.sch.uk,Primary school,54.37914,-6.4767,17.67,81
5032387,Derrylatinee Primary School,50 DERRYLATINEE ROAD,BT70 1PS,info@derrylatinee.dungannon.ni.sch.uk,Primary school,54.45067,-6.84959,21.99,79
5BB0416,Derrytrasna Playgroup,191 Derrytrasna Road,BT66 6NR,,Peripatetic,54.50277,-6.4667,,0
3BB0361,Dervock Community Playgroup,William Pinkerton Memorial Primary School,BT53 8BB,,VP Pre-schools,55.12384,-6.47294,,0
3042162,Desertmartin Primary School,20 DROMORE ROAD,BT45 5JZ,info@desertmartinps.desertmartin.ni.sch.uk,Primary school,54.77786,-6.66786,12.05,23
2210312,Devenish College,1 Alego Drive,BT74 6JL,info@devenishcollege.ekn.ni.sch.uk,Secondary (non-grammar) school,54.33862,-7.63278,14.58,481
5016065,Dickson Primary School,POLLOCK DRIVE,BT66 8LJ,info@dickson.lurgan.ni.sch.uk,Primary school,54.45193,-6.33401,21.94,185
5AB0417,Discovering Kids Playgroup,100 Loup Road,BT45 7ST,discoveringkidsplaygroup@btconnect.com,VP Pre-schools,54.69927,-6.60019,,0
3010754,Doagh Primary School,20 MAIN STREET,BT39 0QL,info@doaghps.ballyclare.ni.sch.uk,Primary school,54.73887,-6.04299,16.4,82
5AB0498,Dominican @ Orana Playgroup,Orana Family Centre,BT34 2PF,patriciatoal@btinternet.com,VP Pre-schools,54.16708,-6.33307,,0
1420082,Dominican College,38 FORTWILLIAM PARK,BT15 4AQ,info@dominican.belfast.ni.sch.uk,Secondary (grammar) school,54.62885,-5.9323,15.96,1026
3420068,Dominican College,2 STRAND ROAD,BT55 7PF,info@dominican.portstewart.ni.sch.uk,Secondary (grammar) school,55.18193,-6.72091,13.62,481
5016178,Donacloney Primary School,BAIRD AVENUE,BT66 7LP,info@donacloney.donacloney.ni.sch.uk,Primary school,54.42003,-6.2566,23.11,225
2AB0339,Donagh 'Wee Folk' Playgroup,101 Royal Oak Road,BT92 5BG,,VP Pre-schools,54.21859,-7.39318,,0
4011654,Donaghadee Primary School,NORTHFIELD ROAD,BT21 0BD,info@donaghadeeps.newtownards.ni.sch.uk,Primary school,54.63986,-5.53948,25.54,393
5016224,Donaghey Primary School,28 KILLYGARVIN ROAD,BT71 4DA,info@donaghey.dungannon.ni.sch.uk,Primary school,54.58587,-6.74812,19.33,94
5012632,Donaghmore Primary School,35 MAIN STREET,BT70 3EZ,info@donaghmoreps.donaghmore.ni.sch.uk,Primary school,54.53155,-6.81148,15.68,69
5316520,Donard Special School,22A CASTLEWELLAN ROAD,BT32 4XY,info@donard.banbridge.ni.sch.uk,Special school,54.34878,-6.26346,5.92,0
1016060,Donegall Road Primary School,MALDON STREET,BT12 6HE,info@donegallroad.belfast.ni.sch.uk,Primary school,54.5894,-5.9526,17.04,225
2012711,Donemana Primary School,29 LONGLAND ROAD,BT82 0PH,info@donemanaps.strabane.ni.sch.uk,Primary school,54.87727,-7.30363,18.33,99
4410085,Down High School,MOUNT CRESCENT,BT30 6EU,info@downhigh.downpatrick.ni.sch.uk,Secondary (grammar) school,54.33104,-5.71873,17.17,969
1620023,Downey House School,9 PIRRIE PARK GARDENS,BT6 0AG,info@downeyhouse.belfast.ni.sch.uk,Preparatory Schools,54.58039,-5.90589,12.19,123
4116176,Downpatrick Nursery School,5-7 MOUNT CRESCENT,BT30 6AF,info@downpatrickns.downpatrick.ni.sch.uk,Nursery school,54.3295,-5.71837,26,0
4016235,Downpatrick Primary School,10 MOUNT CRESCENT,BT30 6AF,info@dps.downpatrick.ni.sch.uk,Primary school,54.32954,-5.72009,17.17,206
5116256,Downshire Nursery School,PRIMROSE GARDENS,BT32 3EN,info@downshirens.banbridge.ni.sch.uk,Nursery school,54.34643,-6.27628,26,0
4016649,Downshire Primary School Hillsborough,7 BALLYNAHINCH ROAD,BT26 6AR,info@dps.hillsborough.ni.sch.uk,Primary school,54.46469,-6.08016,26.4,595
3210232,Downshire School,DOWNSHIRE ROAD,BT38 7DA,info@downshirehigh.carrickfergus.ni.sch.uk,Secondary (non-grammar) school,54.72867,-5.79025,14.51,542
5046241,Drelincourt Infants School,23A BALLINAHONE AVENUE,BT60 1EE,info@Thedrelincourt.armagh.ni.sch.uk,Primary school,54.3448,-6.63745,13,26
4BA0178,Dromara Playgroup,Dromara Primary School,BT25 2BL,,VP Pre-schools,54.38212,-6.01801,,0
4011619,Dromara Primary School,36 HILLSBOROUGH ROAD,BT25 2BL,info@dromaraps.dromore.ni.sch.uk,Primary school,54.38212,-6.01801,22.24,180
5031088,Dromintee Primary School,8 BALLYNAMADDA ROAD,BT35 8TD,info@dromintee.killeavy.ni.sch.uk,Primary school,54.08802,-6.41832,22.63,181
5011575,Dromore Central Primary School,2 BANBRIDGE ROAD,BT25 1AD,info@dromorecentral.dromore.ni.sch.uk,Primary school,54.41366,-6.15247,24.84,705
2AB0292,Dromore Community Playgroup,14 Omagh Road,BT78 3AH,,VP Pre-schools,54.515,-7.4571,,0
5210064,Dromore High School,31 BANBRIDGE ROAD,BT25 1ND,info@dromorehigh.down.ni.sch.uk,Secondary (non-grammar) school,54.41224,-6.15618,15.34,927
5116625,Dromore Nursery School,18A BANBRIDGE ROAD,BT25 1NB,info@dromorens.dromore.ni.sch.uk,Nursery school,54.41355,-6.15549,26.5,0
2012707,Dromore Primary School,25 GALBALLY ROAD,BT78 3EE,info@dromoreps.omagh.ni.sch.uk,Primary school,54.51078,-7.4545,19.53,43
5011520,Dromore Road Primary School,UPPER DROMORE ROAD,BT34 3JH,info@dromoreroadps.warrenpoint.ni.sch.uk,Primary school,54.10342,-6.25193,17.08,82
2016029,Drumachose Primary School,ALEXANDER ROAD,BT49 0BS,info@drumachose.limavady.ni.sch.uk,Primary school,55.05118,-6.94439,23.63,293
5016616,Drumadonnell Primary School,133 DROMARA ROAD,BT32 5EY,info@drumadonnell.banbridge.ni.sch.uk,Primary school,54.28632,-6.08939,21.89,224
2BB0448,Drumahoe Community Playgroup,C/O Drumahoe Primary School,BT47 3SD,,VP Pre-schools,54.97848,-7.27609,,0
2012227,Drumahoe Primary School,31 DRUMAHOE ROAD,BT47 3SD,info@drumahoe.londonderry.ni.sch.uk,Primary school,54.97848,-7.27609,22.3,291
4BB0436,Drumaness Cross-Community Playgroup,9a Drumsnade Road,BT24 8NG,,VP Pre-schools,54.36196,-5.86302,,0
5230256,Drumcree College,4 MOY ROAD,BT62 1QQ,info@drumcreecollege.portadown.ni.sch.uk,Secondary (non-grammar) school,54.4311,-6.46351,9.53,181
2032639,Drumduff Primary School,47 BRACKEY ROAD,BT79 9PH,info@drumduffps.omagh.ni.sch.uk,Primary school,54.5879,-7.15982,15,45
5210231,Drumglass High School,24-38 CARLAND ROAD,BT71 4AA,info@drumglasshigh.dungannon.ni.sch.uk,Secondary (non-grammar) school,54.51422,-6.77119,14.17,289
5016080,Drumgor Primary School,DRUMGOR ROAD,BT65 5BP,info@drumgor.craigavon.ni.sch.uk,Primary school,54.44606,-6.37686,24,236
5016027,Drumhillery Primary School,58 DRUMHILLERY ROAD,BT60 3QB,info@drumhillery.armagh.ni.sch.uk,Primary school,54.26904,-6.78521,23.06,83
4066668,Drumlins Integrated Primary School,43 Lisburn Road,BT24 8TT,info@drumlinsps.ballynahinch.ni.sch.uk,Primary school,54.40934,-5.9096,19.22,173
2032677,Drumlish Primary School,109 CAMDERRY ROAD,BT78 3BJ,info@drumlishps.dromore.ni.sch.uk,Primary school,54.54445,-7.45381,16.58,63
5136631,Drumnamoe Nursery School,58 LEVIN ROAD,BT67 9EU,info@drumnamoens.craigavon.ni.sch.uk,Nursery school,54.47416,-6.32564,26.33,0
2260283,Drumragh Integrated College,70 Crevenagh Road,BT79 0GW,info@drumraghcollege.omagh.ni.sch.uk,Secondary (non-grammar) school,54.58711,-7.27411,15.83,649
2016656,Drumrane Primary School,286 Drumrane Road,BT47 4NL,info@drumraneps.dungiven.ni.sch.uk,Primary school,54.96749,-6.93683,22.86,128
5011117,Drumsallen Primary School,1 DERNASIGH ROAD,BT60 4PA,info@drumsallen.killylea.ni.sch.uk,Primary school,54.37608,-6.76007,11.67,28
3210208,Dunclug College,DOURY ROAD,BT43 6SU,info@dunclugcollege.ballymena.ni.sch.uk,Secondary (non-grammar) school,54.87893,-6.27633,14.37,838
3116165,Dunclug Nursery School,95 DOURY ROAD,BT43 6SU,info@dunclugns.ballymena.ni.sch.uk,Nursery school,54.8796,-6.27833,26.25,0
3016063,Dunclug Primary School,DOURY ROAD,BT43 6SU,info@dunclugps.ballymena.ni.sch.uk,Primary school,54.87977,-6.27586,22.33,67
1016242,Dundela Infants School,WILGAR STREET,BT4 3BL,info@dundela.belfast.ni.sch.uk,Primary school,54.59915,-5.8765,21.29,246
4210262,Dundonald High School,764 UPPER NEWTOWNARDS ROAD,BT16 1TH,info@dundonald.belfast.ni.sch.uk,Secondary (non-grammar) school,54.5966,-5.79028,12.43,276
4011587,Dundonald Primary School,10 CHURCH GREEN,BT16 2LP,info@ddps.belfast.ni.sch.uk,Primary school,54.59156,-5.80484,25.04,773
4AB0276,Dundrum Cross Community Playgroup,27a Main Street,BT33 0LU,,VP Pre-schools,54.26173,-5.84064,,0
3010558,Duneane Primary School,166 CHURCH ROAD,BT41 3RD,info@duneaneps.toomebridge.ni.sch.uk,Primary school,54.75083,-6.41475,15.45,34
5116236,Dungannon Nursery School,CIRCULAR ROAD,BT71 6BE,info@dungannonns.dungannon.ni.sch.uk,Nursery school,54.50994,-6.76395,27,0
5012720,Dungannon Primary School,CIRCULAR ROAD,BT71 6BE,info@dungannonps.dungannon.ni.sch.uk,Primary school,54.50935,-6.76255,16.22,253
2AB0057,Dungiven Community Playgroup,42a Mitchel Park,BT47 4LW,,VP Pre-schools,54.93029,-6.92204,,0
3210222,Dunluce School,16 DUNLUCE ROAD,BT57 8QQ,info@dunluce.bushmills.ni.sch.uk,Secondary (non-grammar) school,55.20553,-6.53122,14.54,353
2012378,Dunmullan Primary School,42 DUNMULLAN ROAD,BT79 7TE,info@dunmullanps.omagh.ni.sch.uk,Primary school,54.66583,-7.30553,11.33,34
4010788,Dunmurry Primary School,GLENBURN ROAD,BT17 9AN,info@dunmurryps.belfast.ni.sch.uk,Primary school,54.548,-6.00393,21.07,175
5AB0404,Dunnaman Childrens Centre,37-39 Fearon Close,BT34 4ER,dunnamancentre@hotmail.co.uk,VP Pre-schools,54.06362,-6.02124,,0
3010726,Dunseverick Primary School,215 WHITEPARK ROAD,BT57 8SR,info@dunseverickps.bushmills.ni.sch.uk,Primary school,55.22594,-6.45539,19.61,113
3016249,Earlview Primary School,2 MANSE DRIVE,BT36 5US,info@earlviewps.newtownabbey.ni.sch.uk,Primary school,54.68913,-5.95654,21.02,192
3AA0108,Early Days Country Playgroup,67 Garryduff Road,BT53 7DB,,VP Pre-schools,55.05151,-6.47706,,0
4BB0172,Early Days Playgroup,Ballymagee Primary School,BT19 6ZG,,VP Pre-schools,54.64566,-5.63473,,0
1CA0411,Early Learners Day Nursery,30 Lower Windsor Avenue,BT9 1DX,info@earlylearnersdaynursery.com,VP Pre-schools,54.5797,-5.94826,,0
5AB0213,Earlybird Pre-School,Jenny's Row,BT61 9AP,earlybird2012@hotmail.co.uk,VP Pre-schools,54.34873,-6.65263,,0
2010382,Ebrington Controlled Primary School,12 ULSTERVILLE AVENUE,BT47 6EU,info@ebrington.londonderry.ni.sch.uk,Primary school,54.99713,-7.30448,24.13,392
3010785,Eden Primary School,LARNE ROAD,BT38 7NL,info@edenps.carrickfergus.ni.sch.uk,Primary school,54.72849,-5.77508,26.9,209
3010796,Eden Primary School,33 VOW ROAD,BT53 7PB,info@eden.ballymoney.ni.sch.uk,Primary school,55.03063,-6.56329,18.2,72
1010323,Edenbrooke Primary School,230 TENNENT STREET,BT13 3GG,info@edenbrooke.belfast.ni.sch.uk,Primary school,54.60966,-5.95421,17.25,263
1110003,Edenderry Nursery School,4-22 UPPER RIGA STREET,BT13 3GW,info@edenderryns.belfast.ni.sch.uk,Nursery school,54.6054,-5.95585,26,0
5110021,Edenderry Nursery School,PRINCESS WAY,BT63 5EP,info@edenderryns.portadown.ni.sch.uk,Nursery school,54.42269,-6.4159,26,0
5011189,Edenderry Primary School,PRINCESS WAY,BT63 5EP,info@edenderry.portadown.ni.sch.uk,Primary school,54.42297,-6.41591,20.05,378
5013019,Edenderry Primary School,1A LURGAN ROAD,BT32 4AF,info@edenderry.banbridge.ni.sch.uk,Primary school,54.355,-6.26863,21.37,407
5032585,Edendork Primary School,181 COALISLAND ROAD,BT71 4DP,info@edendork.dungannon.ni.sch.uk,Primary school,54.52954,-6.73795,24.31,316
3230203,Edmund Rice College,96-100 HIGHTOWN ROAD,BT36 7AU,info@edmundricecollege.glengormley.ni.sch.uk,Secondary (non-grammar) school,54.66655,-5.96845,15.26,592
2012638,Edwards Primary School,26 HOSPITAL ROAD,BT81 7HY,info@edwards.castlederg.ni.sch.uk,Primary school,54.71104,-7.58981,22.3,196
2AB0051,Eglinton Community Pre-School Centre,Unit 4 Benbow Estate,BT47 3DW,,VP Pre-schools,55.02818,-7.16752,,0
2012245,Eglinton Primary School,22 WOODVALE ROAD,BT47 3AH,info@eglinton.londonderry.ni.sch.uk,Primary school,55.02477,-7.18154,23.96,191
1010255,Elmgrove Primary School,289 BEERSBRIDGE ROAD,BT5 4RS,info@elmgrove.belfast.ni.sch.uk,Primary school,54.5908,-5.89035,19.12,639
2066549,Enniskillen Integrated Primary School,2 DERRYGORE ROAD DRUMCOO,BT74 4FH,info@enniskillenintegrated.enniskillen.ni.sch.uk,Primary school,54.35907,-7.64108,22.32,291
2016152,Enniskillen Model Primary School,5 CASTLECOOLE ROAD,BT74 6HZ,info@enniskillenmodel.enniskillen.ni.sch.uk,Primary school,54.34186,-7.6252,25.71,437
2116608,Enniskillen Nursery,29B DUBLIN ROAD,BT74 6HH,info@enniskillenns.enniskillen.ni.sch.uk,Nursery school,54.34285,-7.62889,25.9,0
2012617,Erganagh Primary School,7 LISTYMORE ROAD,BT81 7JG,info@erganagh.castlederg.ni.sch.uk,Primary school,54.71816,-7.55202,15.67,47
2260280,Erne Integrated College,5A DERRYGORE ROAD DRUMCOO,BT74 4FY,info@ernecollege.enniskillen.ni.sch.uk,Secondary (non-grammar) school,54.36125,-7.63835,12.32,414
1010146,Euston Street Primary School,163 EUSTON STREET,BT6 9AG,info@eustonstreet.belfast.ni.sch.uk,Primary school,54.58806,-5.89842,20.63,278
5016599,Fair Hill Primary School,4 TULLYNISKEY ROAD,BT25 2PJ,info@fairhill.kinallen.ni.sch.uk,Primary school,54.3803,-6.0741,24.28,309
3016414,Fairview Primary School,25 HILLMOUNT AVENUE,BT39 9HS,info@fairviewps.ballyclare.ni.sch.uk,Primary school,54.7547,-6.00974,21.31,522
1016205,Fane Street Primary School,FANE STREET,BT9 7BW,info@fanestreet.belfast.ni.sch.uk,Primary school,54.58526,-5.94985,14.78,200
2033706,Faughanvale Primary School,3 VALE ROAD,BT47 3EE,info@faughanvale.derry.ni.sch.uk,Primary school,55.03392,-7.10138,28.43,199
1010806,Finaghy Primary School,38 FINAGHY ROAD SOUTH,BT10 0DR,info@finaghy.belfast.ni.sch.uk,Primary school,54.55943,-5.98179,24.2,421
2AB0293,First Steps Children's Centre,1 Munie Road,BT81 7QJ,,VP Pre-schools,54.67804,-7.62048,,0
4CA0612,First Steps Day Nursery,Ward 15,BT28 1JP,,VP Pre-schools,54.50518,-6.04397,,0
4CA0638,First Steps Day Nursery,Ulster Hospital,BT16 1RH,,VP Pre-schools,54.59582,-5.81262,,0
1AB0321,First Steps Playgroup,Horn Drive Community Centre,BT11 9GS,eilishmcc@googlemail.com,VP Pre-schools,54.56961,-6.01041,,0
3AB0118,First Steps Playgroup,St Joseph's Early Years Centre,BT43 6JE,,VP Pre-schools,54.88073,-6.28079,,0
5210097,Fivemiletown College,51 COLEBROOK ROAD,BT75 0SB,nfo@college.fivemiletown.ni.sch.uk,Secondary (non-grammar) school,54.3759,-7.32289,16.01,396
5116198,Fivemiletown Nursery School,166A BALLAGH ROAD,BT75 0QP,info@fmtns.fivemiletown.ni.sch.uk,Nursery school,54.37857,-7.31181,27,0
5016088,Fivemiletown Primary School,166 BALLAGH ROAD,BT75 0QP,info@fivemiletownps.fivemiletown.ni.sch.uk,Primary school,54.37884,-7.31113,20.78,187
1310012,Fleming Fulton Special School,35 UPPER MALONE ROAD,BT9 6TY,info@ffs.belfast.ni.sch.uk,Special school,54.55731,-5.96605,4.85,0
2011881,Florencecourt Primary School,Drumlaghy Two,BT92 1BZ,info@florencecourt.enniskillen.ni.sch.uk,Primary school,54.26583,-7.71574,19.96,93
1AB0610,Flutterbies Playgroup,The Centre,BT6 9EQ,flutterbiespg@gmail.com,VP Pre-schools,54.58459,-5.89857,,0
5010909,Foley County Primary School,60 BALLYMACNAB ROAD,BT60 2QS,info@foley.tassagh.ni.sch.uk,Primary school,54.27581,-6.61327,15.67,47
5AB0397,Forever Friends Cross-Community Playgroup,Gortgonis Citizen's Centre,BT71 4QG,foreverfriendspg@hotmail.co.uk,VP Pre-schools,54.53562,-6.69604,,0
1BB0491,Forge Integrated Playgroup,20 Carolan Road,BT7 3HE,scherry156@c2kni.net,VP Pre-schools,54.56922,-5.91808,,0
1056535,Forge Integrated Primary School,20 CAROLAN ROAD,BT7 3HE,info@forge.belfast.ni.sch.uk,Primary school,54.56922,-5.91808,22.43,332
5AB0401,Forkhill Pre-School Playgroup,Community Centre,BT35 9SZ,forkhillplaygroup@gmail.com,VP Pre-schools,54.08498,-6.45563,,0
4250072,Fort Hill College,BELFAST ROAD,BT27 4TL,info@forthill.lisburn.ni.sch.uk,Secondary (non-grammar) school,54.51541,-6.03148,13.52,854
4053308,Fort Hill Integrated Primary School,LOW ROAD,BT27 4TJ,info@forthillips.lisburn.ni.sch.uk,Primary school,54.51593,-6.03339,23.58,208
1010205,Forth River Primary School,100 CAIRNMARTIN ROAD,BT13 3PQ,info@forthriver.belfast.ni.sch.uk,Primary school,54.61293,-5.97142,21.66,208
2016564,Fountain Primary School,18 HAWKIN STREET,BT48 6RE,info@fountainps.londonderry.ni.sch.uk,Primary school,54.99326,-7.32287,19.81,81
3010891,Fourtowns Primary School,59 CULLYBACKEY ROAD,BT42 1LA,info@fourtownsps.ahoghill.ni.sch.uk,Primary school,54.8542,-6.36705,23.17,292
2420229,Foyle College,122 NORTHLAND ROAD,BT48 0AW,info@foylecollege.derry.ni.sch.uk,Secondary (grammar) school,55.01287,-7.33562,15.63,822
4620050,Friend's School,6 MAGHERALAVE ROAD,BT28 3BH,info@friends.lisburn.ni.sch.uk,Preparatory Schools,54.51717,-6.04595,21.08,166
4420050,Friends' School,6 MAGHERALAVE ROAD,BT28 3BH,info@friends.lisburn.ni.sch.uk,Secondary (grammar) school,54.51736,-6.04544,16.55,989
1620022,Fullerton House Preparatory School,1 MALONE ROAD,BT9 6BY,info@fullertonhouse.belfast.ni.sch.uk,Preparatory Schools,54.58388,-5.94271,17.26,147
2240319,Gaelchol??iste Dhoire,Dungiven Castle,BT47 4LF,info@gcd.doire.ni.sch.uk,Secondary (non-grammar) school,54.92481,-6.92116,4.17,15
3046653,Gaelscoil an Chaistil,5 BOTHAR AN HAITHE,BT54 6QQ,info@bunscoilanchaistil.baileanchaistil.ni.sch.uk,Primary school,55.19764,-6.25607,15.43,83
1046672,Gaelscoil an Lonnain,61 Falls Road,BT12 4PD,info@gaelscoilanlonnain.belfast.ni.sch.uk,Primary school,54.598,-5.95341,13.5,54
3046691,Gaelscoil an tSeancha??,40 Meeting Street,BT45 6BW,info@gaelscoilantseanchai.magherafelt.ni.sch.uk,Primary school,54.75379,-6.60427,17.86,99
5046695,Gaelscoil Aodha Rua,97 Donaghmore Road,BT70 1HD,info@gaelscoilaodharua.dungannon.ni.sch.uk,Primary school,54.50889,-6.77811,19.13,88
2046646,Gaelscoil Eadain Mhoir,128 LECKY ROAD,BT48 6NP,info@gaelscoileadainmhoir.derry.ni.sch.uk,Primary school,54.99263,-7.33075,18.65,112
3046685,Gaelscoil Eanna,C/O St Enda's GAA,BT36 7AU,info@gaelscoileanna.glengormley.ni.sch.uk,Primary school,54.66259,-5.97056,18.37,158
5046699,Gaelscoil Eoghain,32A Chapel Street,BT80 8QD,info@gaelscoileoghain.cookstown.ni.sch.uk,Primary school,54.64152,-6.74296,13.4,54
3046684,Gaelscoil Ghleann Darach,15 Glenavy Road,BT29 4LA,info@gsghleanndarach.crumlin.ni.sch.uk,Primary school,54.61612,-6.22492,15.4,77
2046689,Gaelscoil Leim an Mhadaidh,57 Church Street,BT49 0BX,info@gaelscoil.limavady.ni.sch.uk,Primary school,55.05116,-6.94322,16.19,68
1046571,Gaelscoil Na Bhfal,34A IVEAGH CRESCENT,BT12 6AW,info@gaelscoilnabhfal.belfast.ni.sch.uk,Primary school,54.58999,-5.96154,17.36,162
2046687,Gaelscoil na Daroige,Corr??n U?? Nuall??in,BT48 0ND,info@gaelscoilnadaroige.derry.ni.sch.uk,Primary school,55.02146,-7.34477,14.88,67
2046677,Gaelscoil na gCrann,DUN ULADH CULTURAL HERITAGE CENTRE,BT79 0GZ,info@gaelscoilnagcrann.anomaigh.ni.sch.uk,Primary school,54.6004,-7.25446,18.72,120
5046692,Gaelscoil na mBeann,139a Newcastle Road,BT34 4NL,info@gaelscoilnambeann.kilkeel.ni.sch.uk,Primary school,54.07313,-5.98079,15.33,46
1046671,Gaelscoil na Mona,1 MONAGH LINK,BT11 8QB,info@gaelscoilnamona.belfast.ni.sch.uk,Primary school,54.58617,-5.99312,14.57,102
3046678,Gaelscoil na Sp??ir??n??,82 Sixtowns Road,BT45 7BB,info@gsnaspeirini.magherafelt.ni.sch.uk,Primary school,54.82181,-6.84075,15.31,49
2016700,Gaelscoil Neachtain,8 Chapel Road,BT47 4RF,info@gaelscoil.dungiven.ni.sch.uk,Primary school,54.92248,-6.91373,17.2,86
2046638,Gaelscoil U?? Dhochartaigh,115A BALLYCOLMAN ESTATE,BT82 9AQ,info@gaelscoiluidhochartaigh.ansrathban.ni.sch.uk,Primary school,54.81981,-7.45892,15.9,133
5046637,Gaelscoil U?? Neill,104 WASHINGBAY ROAD,BT71 4PU,info@gaelscoil.coalisland.ni.sch.uk,Primary school,54.53529,-6.67621,21.22,161
2116336,Galliagh Nursery School,1 HEATHER ROAD,BT48 8NX,info@galliaghns.derry.ni.sch.uk,Nursery school,55.03209,-7.32465,22,0
3010594,Garryduff Primary School,133 GARRYDUFF ROAD,BT53 7DR,info@garryduffps.ballymoney.ni.sch.uk,Primary school,55.0343,-6.45373,17.26,72
3BB0266,Garvagh Pre-School Playgroup,Garvagh Primary School,BT51 5HP,,VP Pre-schools,54.98559,-6.68427,,0
3016119,Garvagh Primary School,1 COLERAINE ROAD,BT51 5HP,info@garvaghps.garvagh.ni.sch.uk,Primary school,54.98559,-6.68427,18.7,83
2016089,Gibson Primary School,64 OLD MOUNTFIELD ROAD,BT79 7EG,info@gibson.omagh.ni.sch.uk,Primary school,54.60565,-7.29229,18.75,300
5CA0549,Giggles Day Care Centre,103 Camlough Road,BT35 7EE,gigglesearlyyears@gmail.com,VP Pre-schools,54.18521,-6.39001,,0
5011596,Gilford Primary School,CASTLE HILL,BT63 6HH,info@craigavonps.gilford.ni.sch.uk,Primary school,54.37556,-6.35987,17.45,69
2012648,Gillygooley Primary School,71 GILLYGOOLEY ROAD,BT78 5PX,info@gillygooleyps.omagh.ni.sch.uk,Primary school,54.61183,-7.37551,12.73,27
4011606,Gilnahirk Primary School,148 GILNAHIRK ROAD,BT5 7QQ,info@ghirkps.belfast.ni.sch.uk,Primary school,54.58391,-5.8401,26.89,427
4016681,Glasswater Primary School,6 John Street,BT30 9EG,info@glasswaterps.crossgar.ni.sch.uk,Primary school,54.39676,-5.75754,17.15,99
4210046,Glastry College,14 VICTORIA ROAD,BT22 1DQ,info@glastry.newtownards.ni.sch.uk,Secondary (non-grammar) school,54.48793,-5.47683,15.99,630
3030708,Glenann Primary School,8 GLENANN ROAD,BT44 0TG,info@glenannps.cushendall.ni.sch.uk,Primary school,55.09204,-6.09012,15.79,60
3AB0133,Glenarm Community Pre-School,Glenarm Orange Hall,BT44 0AU,,VP Pre-schools,54.96702,-5.9519,,0
1110007,Glenbank Nursery School,LIGONIEL ROAD,BT14 8BW,info@glenbankns.belfast.ni.sch.uk,Nursery school,54.62606,-5.97987,26,0
4116307,Glenbrook Nursery School,33 GLENARD ROAD,BT23 4HS,info@glenbrookns.newtownards.ni.sch.uk,Nursery school,54.59844,-5.69821,26,0
4BB0175,Glencraig Integrated Playgroup,Glencraig Integrated PS,BT18 0DJ,,VP Pre-schools,54.66197,-5.76818,,0
4053020,Glencraig Integrated Primary School,34 SEAHILL ROAD,BT18 0DJ,info@glencraigps.holywood.ni.sch.uk,Primary school,54.66197,-5.76818,23.67,213
2032212,Glendermott Primary School,50 ARDMORE ROAD,BT47 3QZ,info@glendermottps.derry.ni.sch.uk,Primary school,54.96621,-7.26746,21.88,114
1116074,Glendhu Nursery School,GLENDHU MANOR,BT4 2RJ,info@glendhuns.belfast.ni.sch.uk,Nursery school,54.61536,-5.85986,26,0
3210202,Glengormley High School,134 BALLYCLARE ROAD,BT36 5HP,info@glengormleyhigh.newtownabbey.ni.sch.uk,Secondary (non-grammar) school,54.6785,-5.96272,14.01,790
3050791,Glengormley Integrated Primary School,166 CHURCH ROAD,BT36 6HJ,info@glengormleyps.newtownabbey.ni.sch.uk,Primary school,54.67067,-5.95589,24.12,337
3BB0094,Glengormley IPS Playgroup,Glengormley Primary School,BT36 6HJ,,VP Pre-schools,54.67067,-5.95589,,0
4410097,Glenlola Collegiate,2 VALENTINE ROAD,BT20 4TH,info@glenlolacollegiate.bangor.ni.sch.uk,Secondary (grammar) school,54.65387,-5.66207,16.32,1044
5AB0212,Glenn & Barr Playgroup,24 School Road,BT34 1SX,glennbarrplaygroup@hotmail.com,VP Pre-schools,54.23249,-6.33532,,0
3AB0241,Gleno Pre-School,Young Farmers Hall,BT40 3LG,,VP Pre-schools,54.79788,-5.83316,,0
3AB0362,Glenravel Community Playgroup,143a Glenravel Road,BT43 6RA,,VP Pre-schools,54.98464,-6.18775,,0
1316569,Glenveagh Special School,HARBERTON PARK,BT9 6TX,info@glenveagh.belfast.ni.sch.uk,Special school,54.55939,-5.96326,6.37,0
3AB0084,Glenview Pre-School Centre,National Hall,BT46 5AP,,VP Pre-schools,54.8458,-6.67785,,0
1016485,Glenwood Primary School,4-22 UPPER RIGA STREET,BT13 3GW,info@glenwood.belfast.ni.sch.uk,Primary school,54.6054,-5.95585,19.07,530
3010808,Glynn Primary School,26 MAIN ROAD,BT40 3HF,info@glynnps.larne.ni.sch.uk,Primary school,54.82795,-5.81264,15.36,86
4136286,Good Shepherd Nursery School,11 GOOD SHEPHERD ROAD,BT17 0PL,info@goodshepherdns.belfast.ni.sch.uk,Nursery school,54.56775,-6.02607,28.89,0
2036288,Good Shepherd Primary School and Nursery School,42 DUNGIVEN ROAD,BT47 6BW,info@goodshepherd.derry.ni.sch.uk,Primary school,54.99312,-7.30714,22.8,371
3016055,Gorran Primary School,2 GORRAN ROAD,BT51 4HA,info@gorranps.coleraine.ni.sch.uk,Primary school,55.02671,-6.68226,19.77,87
2016395,Gortin Primary School,9 CULVACULLION ROAD,BT79 8QB,info@gortinps.omagh.ni.sch.uk,Primary school,54.71919,-7.23504,17.33,52
3AB0111,Gracehill and Galgorm Playgroup,Community Centre,BT42 1GQ,,VP Pre-schools,54.85838,-6.32304,,0
3010794,Gracehill Primary School,19 CHURCH ROAD,BT42 2NL,info@gracehillps.ballymena.ni.sch.uk,Primary school,54.85357,-6.32949,25.08,414
3AB0115,Gran Tots Playgroup,15d Main Street,BT46 5QB,,VP Pre-schools,54.90989,-6.66669,,0
4013045,Grange Park Primary School,GRANGE PARK,BT20 3QG,info@grangeparkps.bangor.ni.sch.uk,Primary school,54.65765,-5.6873,26.59,409
5031589,Grange Primary School,20 LURGANCONARY ROAD,BT34 4LL,info@grange.kilkeel.ni.sch.uk,Primary school,54.0398,-6.05646,20.19,105
2AB0315,Green Elves Playgroup,Old School House,BT79 7QP,,VP Pre-schools,54.68992,-7.08058,,0
3CA0588,Greendale Day Nursery,633 Antrim Road,BT36 4RF,,VP Pre-schools,54.68641,-5.99696,,0
3BB0086,Greengables Playgroup,Central Primary School,BT38 8AL,,VP Pre-schools,54.7167,-5.81217,,0
2016071,Greenhaw Primary School,CARNHILL ESTATE,BT48 8BA,info@greenhaw.londonderry.ni.sch.uk,Primary school,55.02262,-7.31651,20.13,250
3010817,Greenisland Primary School,UPPER STATION ROAD,BT38 8RA,info@greenislandps.carrickfergus.ni.sch.uk,Primary school,54.70127,-5.87385,26.12,397
3AB0129,Greenlough Early Years,St Oliver Plunkett Hall,BT44 8NN,,VP Pre-schools,54.86922,-6.5115,,0
3032275,Greenlough Primary School (St Mary's),220 MAYOGALL ROAD,BT44 8NN,info@stmarysps.greenlough.ni.sch.uk,Primary school,54.8674,-6.5191,23.16,176
1310017,Greenwood House Assessment Centre,10 GREENWOOD AVENUE,BT4 3JJ,info@greenwood.belfast.ni.sch.uk,Special school,54.59634,-5.86151,8,0
1010304,Greenwood Primary School,436-456 UPPER NEWTOWNARDS ROAD,BT4 3HS,info@greenwoodps.belfast.ni.sch.uk,Primary school,54.59561,-5.8611,24.7,261
4011300,Grey Abbey Primary School,3 THE SQUARE,BT22 2QA,info@greyabbeyps.newtownards.ni.sch.uk,Primary school,54.53444,-5.56123,17.83,90
2AB0060,Greysteel Playgroup,St Columbas Walk,BT47 3TS,,VP Pre-schools,55.03233,-7.11504,,0
3016037,Greystone Primary School,56 GREYSTONE ROAD,BT41 1JW,info@greystoneps.antrim.ni.sch.uk,Primary school,54.71275,-6.18921,21.51,185
2052035,Groarty Primary School,17 COSHQUIN ROAD,BT48 0ND,info@groartyps.londonderry.ni.sch.uk,Primary school,55.02366,-7.34662,11.25,36
3010822,Groggan Primary School,179 PORTGLENONE ROAD,BT41 3EU,info@grogganps.randalstown.ni.sch.uk,Primary school,54.77964,-6.35978,20.66,115
4AB0537,Groomsport Playgroup,Orange Hall,BT19 6LY,,VP Pre-schools,54.67204,-5.61473,,0
1410079,Grosvenor Grammar School,50 Marina Park,BT5 6BA,info@grosvenor.belfast.ni.sch.uk,Secondary (grammar) school,54.58358,-5.87609,16.77,1087
4AB0145,Grove Community Playgroup,Grove Activity Centre,BT28 1ST,,VP Pre-schools,54.50995,-6.07098,,0
5016179,Hamiltonsbawn Primary School,113 ANNAREAGH ROAD,BT61 9SA,info@hamiltonsbawnps.hamiltonsbawn.ni.sch.uk,Primary school,54.34399,-6.54389,19.38,93
3AB0274,Hansel and Gretel Pre-School,Glynn Village Hall,BT40 3HF,,VP Pre-schools,54.82789,-5.8119,,0
3AB0102,Happitots Playgroup,37 Elmwood,BT43 5PY,,VP Pre-schools,54.89202,-6.35258,,0
5AB0187,Happy Days Playgroup,29B School Lane,BT71 4NW,happydaysplaygroup@outlook.com,VP Pre-schools,54.54557,-6.70714,,0
5AB0462,Happy Days Playgroup (Newry),Meadow Armagh Road Community Centre,BT35 6ET,pmcd.happydays@gmail.com,VP Pre-schools,54.18385,-6.34615,,0
5CA0599,Happy Faces Daycare Nursery,3 Silverbridge Road,BT35 9LE,fiona@happyfacesnursery.com,VP Pre-schools,54.07253,-6.54105,,0
2BB0449,Happy Faces Playgroup,83a Bellspark Road,BT82 9QY,,VP Pre-schools,54.79361,-7.53068,,0
4BB0637,Happy Feet Pre-School,St Marys Primary School,BT23 5AP,,VP Pre-schools,54.54745,-5.74206,,0
5AB0647,Happy Tots Playgroup,36 Edward Street,BT62 3NE,happytots36@hotmail.co.uk,VP Pre-schools,54.421,-6.44187,,0
1310014,Harberton Special School,HARBERTON PARK,BT9 6TX,info@harberton.belfast.ni.sch.uk,Special school,54.56037,-5.9644,7.92,0
3AB0123,Harbour Bears Pre-School,Curran Park Bowling Pavilion,BT40 1BS,,VP Pre-schools,54.85147,-5.80759,,0
1010232,Harding Memorial Primary School,105 - 107 CREGAGH ROAD,BT6 8PZ,info@hardingmemorial.belfast.ni.sch.uk,Primary school,54.58296,-5.8987,21.45,207
5011112,Hardy Memorial Primary School,22 THE NEW LINE,BT61 9QR,info@hardymemorial.richhill.ni.sch.uk,Primary school,54.37027,-6.54847,26.06,381
4013305,Harmony Hill Primary School,50 HARMONY HILL,BT27 4ES,info@harmonyhillps.lisburn.ni.sch.uk,Primary school,54.52512,-6.03486,22.73,581
1016604,Harmony Primary School,FORTHRIVER CRESCENT,BT13 3SY,info@harmony.belfast.ni.sch.uk,Primary school,54.61503,-5.98215,16.88,181
3016052,Harpurs Hill Primary School,BALLYCASTLE ROAD,BT52 2ER,info@harpurshillps.coleraine.ni.sch.uk,Primary school,55.13528,-6.65181,16.76,201
5116190,Harrison Nursery School,LOWER TOBERHEWNEY LANE,BT66 8SU,info@harrisonns.lurgan.ni.sch.uk,Nursery school,54.45364,-6.32773,24.6,0
3010781,Harryville Primary School,CASEMENT STREET,BT42 4BY,info@harryvilleps.ballymena.ni.sch.uk,Primary school,54.85906,-6.27207,19.53,85
5011129,Hart Memorial Primary School,CHARLES STREET,BT62 4BD,info@hartmemorial.portadown.ni.sch.uk,Primary school,54.42327,-6.45876,26.62,367
3016444,Hazelbank Primary School,20 HAZELBANK ROAD,BT42 4LP,info@hazelbankps.ballymena.ni.sch.uk,Primary school,54.90336,-6.11121,18.79,109
1260269,Hazelwood College,70 WHITEWELL ROAD,BT36 7ES,info@hazelwood.belfast.ni.sch.uk,Secondary (non-grammar) school,54.64696,-5.92753,14.25,900
1066531,Hazelwood Primary School,242 WHITEWELL ROAD,BT36 7EN,info@hazelwoodintegratedps.belfast.ni.sch.uk,Primary school,54.65425,-5.93293,23.74,418
4CA0653,Helping Hands Daycare,6 Tullynacross Road,BT27 5SP,,VP Pre-schools,54.52776,-6.02267,,0
3012229,Hezlett Primary School,1 BALLYWOOLEN ROAD,BT51 4TZ,info@hezlettps.coleraine.ni.sch.uk,Primary school,55.15344,-6.78388,24.3,233
3AB0363,High Kirk Community Playgroup,65-71 Thomas Street,BT43 6AZ,,VP Pre-schools,54.87181,-6.27754,,0
3BB0655,Hilcroft Special School (pre-school),3 Manse Way,BT36 5UW,,VP Pre-schools,54.68982,-5.95485,,0
3316510,Hill Croft Special School,3 MANSE WAY,BT36 5UW,info@hillcroftsp.newtownabbey.ni.sch.uk,Special school,54.68982,-5.95485,6.48,0
1CA0633,Hillcrest Pre-School,14 Annadale Avenue,BT7 3JH,admin@hillcrestdaynursery.co.uk,VP Pre-schools,54.56754,-5.91567,,0
3BB0654,Hollybank Pre-School,c/o Hollybank Primary School,BT37 0HF,,VP Pre-schools,54.68656,-5.90863,,0
3016038,Hollybank Primary School,DEVENISH DRIVE,BT37 0HF,info@hollybankps.newtownabbey.ni.sch.uk,Primary school,54.68656,-5.90863,17.76,135
2036533,Hollybush Primary School,10 ARDAN ROAD,BT48 8JN,info@hollybush.derry.ni.sch.uk,Primary school,55.05228,-7.26714,22.86,383
1136316,Holy Child Nursery School,40 SLIEVEGALLION DRIVE,BT11 8JP,info@holychildns.belfast.ni.sch.uk,Nursery school,54.57524,-5.99465,26,0
1036576,Holy Child Primary School,5 SOUTH GREEN,BT11 8JF,info@holychild.belfast.ni.sch.uk,Primary school,54.57722,-5.99206,22.34,541
2030381,Holy Child Primary School,4 CENTRAL DRIVE,BT48 9QQ,info@holychild.derry.ni.sch.uk,Primary school,54.99564,-7.34541,21.33,203
1030194,Holy Cross Boys' Primary School,BROOKFIELD STREET,BT14 7EX,info@holycrossboys.belfast.ni.sch.uk,Primary school,54.61437,-5.95909,18.25,427
2230301,Holy Cross College,35 Melmount Road,BT82 9EF,info@holycrosscollege.strabane.ni.sch.uk,Secondary (non-grammar) school,54.81553,-7.47589,15.18,1539
1030331,Holy Cross Girls' Primary School,ARDOYNE ROAD,BT14 7HZ,info@holycrossgirls.belfast.ni.sch.uk,Primary school,54.6203,-5.96865,16.9,169
1136360,Holy Cross Nursery School,BUTLER WALK,BT14 7NZ,info@holycrossns.belfast.ni.sch.uk,Nursery school,54.61471,-5.95848,26,0
1AB0006,Holy Cross Pre-School Playgroup,3 Flax Street,BT14 7EL,holycrosspreschool@hotmail.co.uk,VP Pre-schools,54.61436,-5.95655,,0
5031694,Holy Cross Primary School,6 ATTICAL BOG ROAD,BT34 4HT,info@holycross.kilkeel.ni.sch.uk,Primary school,54.10961,-6.04327,21.07,118
4036702,Holy Evangelist Primary School,Glasvey Drive,BT17 9PA,info@evangelistsps.belfast.ni.sch.uk,Primary school,54.55613,-6.02117,18.5,497
1036566,Holy Family Primary School,14 NEWINGTON AVENUE,BT15 2HP,info@holyfamily.belfast.ni.sch.uk,Primary school,54.6161,-5.93558,18.91,435
2036472,Holy Family Primary School,3 AILEACH ROAD,BT48 0AZ,info@holyfamilyps.derry.ni.sch.uk,Primary school,55.01816,-7.34537,21.74,426
2036674,Holy Family Primary School,Brookmount Road,BT78 5HZ,info@holyfamily.omagh.ni.sch.uk,Primary school,54.60144,-7.31296,24.75,387
3036562,Holy Family Primary School,1A CASTLEDAWSON ROAD,BT45 6AX,info@holyfamilyps.magherafelt.ni.sch.uk,Primary school,54.75645,-6.60174,23.38,535
5032714,Holy Family Primary School Aughamullan,88 COOLE ROAD,BT71 5DR,info@aughamullan.dungannon.ni.sch.uk,Primary school,54.53919,-6.62238,21,63
1136289,Holy Rosary Nursery School,SUNNYSIDE CRESCENT,BT7 3DB,info@holyrosaryns.belfast.ni.sch.uk,Nursery school,54.57504,-5.92491,26,0
1030327,Holy Rosary Primary School,70 SUNNYSIDE CRESCENT,BT7 3DB,info@holyrosary.belfast.ni.sch.uk,Primary school,54.57518,-5.92439,18.6,450
5230278,Holy Trinity College,CHAPEL STREET,BT80 8QB,info@holytrinityc.cookstown.ni.sch.uk,Secondary (non-grammar) school,54.64178,-6.74498,15.75,1024
4136317,Holy Trinity Nursery School,4 TRINITY TERRACE,BT28 1DG,info@holytrinityns.lisburn.ni.sch.uk,Nursery school,54.51048,-6.05491,24.14,0
2BB0589,Holy Trinity Pre School,C/O Holy Trinity Primary School,BT74 6AZ,,VP Pre-schools,54.35118,-7.64197,,0
1036623,Holy Trinity Primary School,MONAGH ROAD,BT11 8EG,info@holytrinity.belfast.ni.sch.uk,Primary school,54.58744,-5.99373,15.04,633
2036632,Holy Trinity Primary School,DERRIN ROAD  CORNAGRADE,BT74 6AZ,info@holytrinity.enniskillen.ni.sch.uk,Primary school,54.35118,-7.64197,21.5,635
5036567,Holy Trinity Primary School,44 FAIRHILL ROAD,BT80 8AG,info@holytrinity.cookstown.ni.sch.uk,Primary school,54.6428,-6.74843,20.63,585
4110030,Holywood Nursery School,66 CHURCH ROAD,BT18 9BU,info@holywoodns.holywood.ni.sch.uk,Nursery school,54.641,-5.83125,26,0
4011631,Holywood Primary School,HILLVIEW PLACE,BT18 9DL,info@holywoodps.holywood.ni.sch.uk,Primary school,54.63932,-5.8307,24.1,453
1116155,Hope Nursery School,104 HOPEWELL CRESCENT,BT13 1DP,info@hopens.belfast.ni.sch.uk,Nursery school,54.60632,-5.94287,26,0
5012646,Howard Primary School,2 MAIN ROAD,BT71 7QR,info@howardps.dungannon.ni.sch.uk,Primary school,54.48771,-6.74694,24.62,301
3BB0267,Humpty Dumpty Playgroup,Downshire School,BT38 7DA,,VP Pre-schools,54.72867,-5.79025,,0
5AB0466,Humpty Dumpty Pre-school Playgroup,Holy Trinity Parish Church Hall,BT32 4AA,gail.humptydumpty@hotmail.com,VP Pre-schools,54.3524,-6.26769,,0
4AA0526,Hundred Acre Wood Playgroup,38 Ballystockart Road,BT23 5QY,,VP Pre-schools,54.56288,-5.78162,,0
1420265,Hunterhouse College,UPPER LISBURN ROAD,BT10 0LE,info@hunterhouse.belfast.ni.sch.uk,Secondary (grammar) school,54.55646,-5.98772,15.99,697
1620027,Inchmarlo,CRANMORE PARK,BT9 6JR,info@inchmarlo.belfast.ni.sch.uk,Preparatory Schools,54.57151,-5.95224,19.52,164
5260286,Integrated College Dungannon,21 GORTMERRON LINK ROAD,BT71 6LS,info@intcollege.dungannon.ni.sch.uk,Secondary (non-grammar) school,54.49616,-6.74759,14.26,539
3016264,Irish Society's Primary School,3 RUGBY AVENUE,BT52 1JL,info@irishsocietyps.coleraine.ni.sch.uk,Primary school,55.12215,-6.66089,22.46,266
2AB0079,Irvinestown Playgroup,2 Scallen Road,BT94 1ED,,VP Pre-schools,54.4739,-7.62684,,0
2016151,Irvinestown Primary School,24 BURFITS HILL,BT94 1DY,info@irvinestownps.enniskillen.ni.sch.uk,Primary school,54.47158,-7.6419,20.74,158
5011611,Iveagh Primary School,17 CASTLE HILL,BT34 5NH,info@iveagh.rathfriland.ni.sch.uk,Primary school,54.23775,-6.15724,22.93,237
2AB0291,Jack and Jill Community Playgroup,Old Schoolhouse,BT79 8EF,,VP Pre-schools,54.76782,-7.24855,,0
5AB0201,Jack and Jill Playgroup,21 Loy Street,BT80 8PZ,sheena_devlin13@hotmail.com,VP Pre-schools,54.64266,-6.74552,,0
3AB0245,Jack Horner Community Playgroup,Sheskburn Community Centre,BT54 6QH,,VP Pre-schools,55.20287,-6.23806,,0
4BA0600,Jiminy Crickets Pre-School,C/O Andrews Memorial Primary School,BT23 5PG,,VP Pre-schools,54.54686,-5.75425,,0
1036697,John Paul II Primary School,Whiterock Road,BT12 7FW,info@johnpaul2ndps.belfast.ni.sch.uk,Primary school,54.59321,-5.98863,15.17,273
5CA0195,Jolly Jester's Day Nursery,13 Castle Street,BT25 1AF,info@jollyjestersnursery.com,VP Pre-schools,54.4135,-6.15129,,0
4CA0603,Jolly Rodgers Pre-School,47 Antrim Road,BT28 3EB,jollyrodgers@btconnect.com,VP Pre-schools,54.51775,-6.05565,,0
5BB0402,Jolly Tots Playgroup,4 Old Road,BT34 2HE,jollytotsmayobridge@hotmail.co.uk,VP Pre-schools,54.18245,-6.22493,,0
2016003,Jones Memorial Primary School,MULLYLOGAN,BT74 5QF,info@jonesmemorial.enniskillen.ni.sch.uk,Primary school,54.32966,-7.65959,18.85,177
5036122,Jonesborough Primary School,54 THE VILLAGE,BT35 8HR,info@jonesboro.newry.ni.sch.uk,Primary school,54.08971,-6.36995,21.8,104
3340002,Jordanstown Special School,85 JORDANSTOWN ROAD,BT37 0QE,info@jordanstownss.newtownabbey.ni.sch.uk,Special school,54.68785,-5.89006,5.29,0
5AB0405,Keady Community Playgroup,The Den in the Glen,BT60 3UA,denintheglen@live.com,VP Pre-schools,54.25055,-6.70164,,0
3AB0372,Kells & Connor Pre-School,Unit 1,BT42 3JH,,VP Pre-schools,54.8078,-6.22027,,0
3010835,Kells & Connor Primary School,145 LIMINARY ROAD,BT42 3LS,info@kellsandconnorps.ballymena.ni.sch.uk,Primary school,54.81248,-6.22069,20.68,175
3BB0090,Kenbaan Community Playgroup,St Brigids Primary School,BT43 6JE,,VP Pre-schools,54.87637,-6.26731,,0
2011787,Kesh Primary School,44 CREVENISH ROAD,BT93 1RF,info@kesh.enniskillen.ni.sch.uk,Primary school,54.5183,-7.72229,20.63,204
3AB0104,Kiddies Castle Early Years,Workplace Units 1-4,BT45 8AR,,VP Pre-schools,54.77792,-6.55537,,0
5CA0598,Kiddiwinkles Pre-School,52 Killyman Road,BT71 6DE,mcgurk777@btinternet.com,VP Pre-schools,54.50446,-6.75693,,0
1CA0609,Kids @ BT9 Day Nursery,58-60 Ulsterville Avenue,BT9 7AQ,kidsatbt9@cleardaynurseries.com,VP Pre-schools,54.58516,-5.94642,,0
1CA0649,Kids First Daycare,50 Kingsway,BT10 0HT,donnamlynch@hotmail.co.uk,VP Pre-schools,54.55381,-5.99555,,0
4AB0176,Kids Kabin Pre-School,21 Chapel Lane,BT31 9PQ,,VP Pre-schools,54.32317,-5.8982,,0
5AB0415,Kids R Us Cross Community Playgroup,15 Cooneen Road,BT75 0ND,kidsrusfivemiletown@aol.co.uk,VP Pre-schools,54.37632,-7.31611,,0
5AB0497,Kidzone Playgroup,20B Millvale Road,BT35 7NH,kidzoneplaygroup@hotmail.co.uk,VP Pre-schools,54.18926,-6.37139,,0
3AB0366,Kilbride Playgroup,1 Moyra Road,BT39 0SD,,VP Pre-schools,54.76186,-6.04991,,0
3010828,Kilbride Primary School,56 MOYRA ROAD,BT39 0SQ,info@kilbridecentralps.ballyclare.ni.sch.uk,Primary school,54.75969,-6.05449,19.45,144
5056013,Kilbroney Integrated Primary School,15 CLOUGHMORE ROAD,BT34 3EL,info@kilbroneyips.rostrevor.ni.sch.uk,Primary school,54.09893,-6.19519,20.16,129
4016002,Kilcooley Primary School,GANAWAY AVENUE,BT19 1QS,info@kilcooleyps.bangor.ni.sch.uk,Primary school,54.64734,-5.69859,15.7,153
5210016,Kilkeel High School,KNOCKCHREE AVENUE,BT34 4BP,info@kilkeelhigh.kilkeel.ni.sch.uk,Secondary (non-grammar) school,54.05878,-6.00061,14.78,663
5116197,Kilkeel Nursery School,124 HARBOUR ROAD,BT34 4AT,info@kilkeelns.kilkeel.ni.sch.uk,Nursery school,54.06068,-6.00084,27.5,0
5011649,Kilkeel Primary School,130 HARBOUR ROAD,BT34 4AT,info@kilkeelprimary.kilkeel.ni.sch.uk,Primary school,54.05985,-5.99949,23.12,449
4310013,Killard House Special School,CANNYREAGH ROAD,BT21 0AU,info@killardhousess.newtownards.ni.sch.uk,Special school,54.63866,-5.53853,6.92,0
5AB0541,Killean Playgroup,2 Kellys Road,BT35 8RY,killeanplayschool@hotmail.co.uk,VP Pre-schools,54.11476,-6.34271,,0
5031154,Killean Primary School,29 KILLEAN SCHOOL ROAD,BT35 8RX,info@killean.newry.ni.sch.uk,Primary school,54.11481,-6.3416,23.39,120
2012641,Killen Primary School,76 LEARMORE ROAD,BT81 7SD,info@killenps.castlederg.ni.sch.uk,Primary school,54.67362,-7.62674,18.33,109
5210054,Killicomaine Junior High School,UPPER CHURCH LANE,BT63 5JE,info@killicomaine.portadown.ni.sch.uk,Secondary (non-grammar) school,54.43102,-6.41936,16.65,475
4016396,Killinchy Primary School,MAIN STREET,BT23 6PN,info@killinchyps.newtownards.ni.sch.uk,Primary school,54.47051,-5.67624,25.86,362
4BB0388,Killough Playgroup,St Joseph's Primary School,BT30 7QD,,VP Pre-schools,54.25558,-5.64655,,0
3012237,Killowen Primary School,55 SHUTTLE HILL,BT51 3BZ,info@killowenps.coleraine.ni.sch.uk,Primary school,55.127,-6.67586,25,200
4016145,Killowen Primary School,20 LAURELHILL ROAD,BT28 2UH,info@killowenps.lisburn.ni.sch.uk,Primary school,54.52227,-6.07187,23.6,399
5031318,Killowen Primary School,88 KILLOWEN OLD ROAD,BT34 3AE,info@killowen.rostrevor.ni.sch.uk,Primary school,54.07233,-6.15211,22.75,86
2031897,Killyhommon Primary School,51 AGHAHERRISH ROAD,BT74 8BZ,info@killyhommonps.enniskillen.ni.sch.uk,Primary school,54.36408,-7.80345,17.5,70
5011132,Killylea Primary School,150 KILLYLEA ROAD,BT60 4LN,info@killyleaps.armagh.ni.sch.uk,Primary school,54.34832,-6.77489,13.64,60
4BB0376,Killyleagh Early Years Playgroup,Killyleagh Primary School,BT30 9SR,,VP Pre-schools,54.40413,-5.6568,,0
4056709,Killyleagh Integrated Primary School,12 SHRIGLEY ROAD,BT30 9SR,info@killyleaghips.killyleagh.ni.sch.uk,Primary school,54.40413,-5.6568,19.41,99
5AB0419,Killyman Community Playgroup,Griffith Hall,BT71 6RL,killymanplaygroup@btconnect.com,VP Pre-schools,54.48822,-6.70003,,0
5016680,Killyman Primary School,15 TREWMOUNT ROAD,BT71 6RL,info@killymanps.dungannon.ni.sch.uk,Primary school,54.49049,-6.70213,22.63,172
4016192,Kilmaine Primary School,6 LYNDALE DRIVE,BT19 6EF,info@kilmaineps.bangor.ni.sch.uk,Primary school,54.65324,-5.63199,29.45,622
4AB0377,Kilmood Playgroup,St Mary's Church Hall,BT23 6SA,,VP Pre-schools,54.49188,-5.73344,,0
3010878,Kilmoyle Primary School,77 BENVARDIN ROAD,BT53 6NS,info@kilmoyleps.ballymoney.ni.sch.uk,Primary school,55.13278,-6.54272,18.14,78
3AB0143,Kilrea Community Early Years,15 Moneygran Road,BT51 5SJ,,VP Pre-schools,54.94927,-6.55145,,0
3012269,Kilrea Primary School,5 LISNAGROT ROAD,BT51 5SE,info@kilreaps.coleraine.ni.sch.uk,Primary school,54.94874,-6.55513,19.53,89
3BB0606,Kilronan Pre-School,Kilronan Special School,BT45 6EN,,VP Pre-schools,54.74805,-6.5974,,0
3316570,Kilronan Special School,46 KILRONAN ROAD,BT45 6EN,info@kilronanss.magherafelt.ni.sch.uk,Special school,54.74805,-6.5974,6,0
3AB0144,Kilroot Playgroup,PO Box 61,BT38 7NP,,VP Pre-schools,54.72875,-5.77694,,0
3013703,Kilross Primary School,19 DUNTIBRYAN ROAD,BT45 5QL,info@kilrossps.magherafelt.ni.sch.uk,Primary school,54.79744,-6.73308,13.92,44
2AB0408,Kindertee Community Playgroup,131 Main Street,BT92 9LA,,VP Pre-schools,54.19316,-7.56798,,0
3010880,King's Park Primary School,KING'S DRIVE,BT37 0DG,info@kingsparkps.newtownabbey.ni.sch.uk,Primary school,54.67775,-5.91204,30.3,400
5011124,King's Park Primary School,24A AVENUE ROAD,BT66 7BB,info@kingspark.lurgan.ni.sch.uk,Primary school,54.45955,-6.32101,24.31,663
4116216,King's Road Nursery School,MELFORT DRIVE KINGS ROAD,BT5 7FD,info@kingsroadns.belfast.ni.sch.uk,Nursery school,54.58703,-5.82921,26,0
5AB0231,Kingdom Playgroup,10 Dunnaval Road,BT34 4JT,kingdompreschoolplaygroup@yahoo.co.uk,VP Pre-schools,54.04915,-6.0345,,0
5011152,Kingsmills Primary School,63 DRUMNAHUNSHIN ROAD,BT60 2TA,info@kingsmills.whitecross.ni.sch.uk,Primary school,54.21936,-6.45081,15.13,48
4136626,Kircubbin Community Nursery School,1 Church Grove,BT22 2SU,info@kircubbinns.kircubbin.ni.sch.uk,Nursery school,54.48552,-5.53532,26,0
4051569,Kircubbin Integrated Primary School,22 COOKS BRAE,BT22 2SQ,info@kircubbininteps.newtownards.ni.sch.uk,Primary school,54.48712,-5.53091,25.38,203
3BB0136,Kirkinriola Early Years,Kirkinriola Primary School,BT43 6TB,,VP Pre-schools,54.89648,-6.25876,,0
3010780,Kirkinriola Primary School,5 CLOUGHER ROAD,BT43 6TB,info@kirkinriolaps.ballymena.ni.sch.uk,Primary school,54.89648,-6.25876,15.45,34
4011373,Kirkistown Primary School,MAIN ROAD,BT22 1JA,info@kirkistownps.newtownards.ni.sch.uk,Primary school,54.4356,-5.47442,17.5,87
3010893,Knockahollet Primary School,79 KNOCKAHOLLET ROAD,BT44 9BA,info@knockaholletps.ballymena.ni.sch.uk,Primary school,55.04556,-6.37086,19.8,99
2316528,Knockavoe School & Resource Centre,10A MELMOUNT GARDENS,BT82 9EB,info@knockavoe.strabane.ni.sch.uk,Special school,54.8182,-7.47491,6.32,0
4116239,Knockbreda Nursery School,WYNCHURCH ROAD,BT6 0JJ,info@knockbredans.belfast.ni.sch.uk,Nursery school,54.56751,-5.90406,27,0
4011674,Knockbreda Primary School,WYNCHURCH ROAD,BT6 0JJ,info@knockbredaps.belfast.ni.sch.uk,Primary school,54.56798,-5.90535,18.68,198
4316516,Knockevin Special School,33 RACECOURSE HILL,BT30 6PU,info@knockevinss.downpatrick.ni.sch.uk,Special school,54.31864,-5.71316,4.14,0
3016283,Knockloughrim Primary School,337 HILLHEAD ROAD,BT45 8QT,info@knockloughrimps.magherafelt.ni.sch.uk,Primary school,54.81286,-6.60791,20.18,113
4013334,Knockmore Primary School,HERTFORD CRESCENT,BT28 1SA,info@knockmoreps.lisburn.ni.sch.uk,Primary school,54.50844,-6.07553,9.93,174
3032197,Knocknagin Primary School,45 TOBERMORE ROAD,BT45 5LE,info@knocknaginps.desertmartin.ni.sch.uk,Primary school,54.77469,-6.67838,14.44,52
1013018,Knocknagoney Primary School,KNOCKNAGONEY ROAD,BT4 2NR,info@knocknagoney.belfast.ni.sch.uk,Primary school,54.61801,-5.85492,19.34,237
2032628,Knocknagor Primary School,78 MOORFIELD ROAD,BT78 3TX,info@knocknagorps.trillick.ni.sch.uk,Primary school,54.49181,-7.55444,21.5,65
3116215,Kylemore Nursery School,KYLEMORE ROAD,BT51 3HG,info@kylemorens.coleraine.ni.sch.uk,Nursery school,55.12596,-6.68045,25.88,0
2016184,Lack Primary School,6 TIRWINNY ROAD,BT93 0BU,info@lackps.enniskillen.ni.sch.uk,Primary school,54.54655,-7.57935,16.94,59
3CA0641,Ladybirds Playgroup,27 Lisnafillon Road,BT42 1JA,,VP Pre-schools,54.85675,-6.34092,,0
4260255,Lagan College,44 MANSE ROAD,BT8 6SA,info@lagancollege.belfast.ni.sch.uk,Secondary (non-grammar) school,54.56094,-5.88646,15.2,1265
5032558,Laghey Primary School,5 TAMNAMORE ROAD,BT71 6RJ,info@laghey.dungannon.ni.sch.uk,Primary school,54.49193,-6.70163,19.76,83
4316614,Lakewood Special School,96 Newtownards Road,BT19 1GZ,info@lakewood.bangor.ni.sch.uk,Special school,54.6444,-5.67913,0.86,0
3010795,Landhead Primary School,78 KILRAUGHTS ROAD,BT53 7HL,info@landheadps.ballymoney.ni.sch.uk,Primary school,55.0731,-6.47791,20.14,66
2012671,Langfield Primary School,2 WILLMOUNT ROAD,BT78 4PG,info@langfieldps.drumquin.ni.sch.uk,Primary school,54.61643,-7.49223,11.54,30
4010743,Largymore Primary School,HILLHALL ROAD,BT27 5BT,info@largymoreps.lisburn.ni.sch.uk,Primary school,54.50863,-6.02708,22.11,168
3010486,Larne and Inver Primary School,1a GLYNN ROAD,BT40 3AY,info@larneandinverps.larne.ni.sch.uk,Primary school,54.84945,-5.82325,21.11,183
3420046,Larne Grammar School,LOWER CAIRNCASTLE ROAD,BT40 1PQ,info@larnegrammar.larne.ni.sch.uk,Secondary (grammar) school,54.85217,-5.83013,15.51,739
3210038,Larne High School,20 SALLAGH PARK,BT40 1NT,info@larnehs.larne.ni.sch.uk,Secondary (non-grammar) school,54.85833,-5.81947,14.98,499
3AB0574,Laughterland Early Years,Black Park Road,BT41 3SL,,VP Pre-schools,54.76225,-6.50666,,0
4210201,Laurelhill Community College,22 LAURELHILL ROAD,BT28 2UH,info@laurelhill.lisburn.ni.sch.uk,Secondary (non-grammar) school,54.51917,-6.06781,14.5,681
5AB0234,Laurencetown Pre-School Playgroup,Community Centre,BT63 6DU,laurencetownpreschool@hotmail.co.uk,VP Pre-schools,54.38079,-6.30854,,0
3AB0122,Lavey Early Years Group,63a Mayogall Road,BT45 8PG,,VP Pre-schools,54.83868,-6.59085,,0
4013043,Lead Hill Primary School,CASAELDONA PARK,BT6 9RD,info@leadhillps.belfast.ni.sch.uk,Primary school,54.57412,-5.87183,19.24,127
3013325,Leaney Primary School,12 INTERMEDIATE ROAD,BT53 7AL,info@leaneyps.ballymoney.ni.sch.uk,Primary school,55.06556,-6.50376,22.08,287
4AB0438,Legacurry Playgroup,Legacurry Church,BT27 5EY,,VP Pre-schools,54.47644,-6.00768,,0
5AB0420,Leitrim Community Playgroup,Fontenoy Hall,BT31 9SL,leitrimplaygroup@gmail.com,VP Pre-schools,54.28605,-5.99569,,0
1010325,Ligoniel Primary School,LIGONIEL ROAD,BT14 8BW,info@ligoniel.belfast.ni.sch.uk,Primary school,54.62597,-5.97953,23.13,185
2016426,Limavady Central Primary School,57 SCROGGY ROAD,BT49 0NB,info@limavadycentral.limavady.ni.sch.uk,Primary school,55.0427,-6.9392,22.31,424
2410048,Limavady Grammar School,3 BALLYQUIN ROAD,BT49 9ET,info@lgs.limavady.ni.sch.uk,Secondary (grammar) school,55.04231,-6.94786,16.59,891
2210302,Limavady High School,64 IRISH GREEN STREET,BT49 9AN,info@limavadyhigh.limavady.ni.sch.uk,Secondary (non-grammar) school,55.04848,-6.94726,15.12,721
2116628,Limavady Nursery School,9A GREYSTONE ROAD,BT49 0ND,info@limavadyns.limavady.ni.sch.uk,Nursery school,55.04363,-6.93977,23.64,0
3010883,Linn Primary School,70-74 KILLYGLEN ROAD,BT40 2HT,info@linnps.larne.ni.sch.uk,Primary school,54.86295,-5.84201,22.22,348
5316577,Lisanally Special School,85 LISANALLY LANE,BT61 7HF,info@lisanally.armagh.ni.sch.uk,Special school,54.35597,-6.64644,6.36,0
2016218,Lisbellaw Primary School,40 CLOGHCOR ROAD,BT94 5BF,info@lisbellaw.enniskillen.ni.sch.uk,Primary school,54.31377,-7.5422,24.16,196
4010807,Lisburn Central Primary School,52-56 HILLSBOROUGH ROAD,BT28 1JJ,info@centralps.lisburn.ni.sch.uk,Primary school,54.50701,-6.04933,18.33,187
5012611,Lisfearty Primary School,64 FARRITER ROAD,BT70 1SH,info@lisfearty.dungannon.ni.sch.uk,Primary school,54.46807,-6.91282,11.33,34
3010787,Lislagan Primary School,50 LISLAGAN ROAD,BT53 7JF,info@lislaganps.ballymoney.ni.sch.uk,Primary school,55.04773,-6.50504,19.33,116
5230213,Lismore Comprehensive School,DRUMGASK,BT65 5DU,info@lismorecomp.craigavon.ni.sch.uk,Secondary (non-grammar) school,54.44359,-6.36188,15.12,1164
5011153,Lisnadill Primary School,7 DRUMCONWELL ROAD,BT60 2PS,info@lisnadill.armagh.ni.sch.uk,Primary school,54.30865,-6.64487,22.5,99
4210051,Lisnagarvey High School,WARREN GARDENS,BT28 1HN,info@lisnagarvey.lisburn.ni.sch.uk,Secondary (non-grammar) school,54.50565,-6.05896,13.43,499
2116233,Lisnagelvin Nursery School,48 RICHILL PARK,BT47 5QZ,info@lisnagelvinns.londonderry.ni.sch.uk,Nursery school,54.99096,-7.29287,16.56,0
2016203,Lisnagelvin Primary School,46 RICHILL PARK,BT47 5QZ,info@lisnagelvin.londonderry.ni.sch.uk,Primary school,54.99212,-7.29153,23.68,592
4011657,Lisnasharragh Primary School,TUDOR DRIVE,BT6 9LS,info@lisps.belfast.ni.sch.uk,Primary school,54.57355,-5.88516,21.85,303
2210306,Lisneal College,70 Crescent Link Road,BT47 5FQ,info@lisnealcollege.londonderry.ni.sch.uk,Secondary (non-grammar) school,54.99586,-7.27386,13.09,576
5032262,Lissan (1) Primary School,6 CLAGGAN ROAD,BT80 9XE,info@lissan.cookstown.ni.sch.uk,Primary school,54.6883,-6.75569,22.9,124
5AB0216,Lissan Cross-Community Playgroup,6B Claggan Road,BT80 9XE,lissanplaygroup@hotmail.co.uk,VP Pre-schools,54.68826,-6.75477,,0
2032300,Listress Primary School,71 SLAGHTMANUS ROAD,BT47 3EY,info@listressps.derry.ni.sch.uk,Primary school,54.95399,-7.18324,13.5,27
3BB0488,Little Acorns,The Link,BT51 3RN,,VP Pre-schools,55.10539,-6.65661,,0
5AB0630,Little Acorns Playgroup,St Luke's Parish Hall,BT80 0EJ,littleacornscoagh@hotmail.co.uk,VP Pre-schools,54.6495,-6.62117,,0
5BB0237,Little Acorns Playgroup (Killyman),Laghey Primary School,BT71 6RJ,littleacornsplaygroup@gmail.com,VP Pre-schools,54.49193,-6.70163,,0
5BB0542,Little Acorns Playgroup Derrymore,20a Derrymore Road,BT67 0BW,christinemcgarry@btinternet.com,VP Pre-schools,54.53623,-6.32849,,0
5AB0543,Little Acorns Playgroup Derrynoose,38 Fergort Road,BT60 3DN,littleacornsplaygroup@hotmail.com,VP Pre-schools,54.2324,-6.77273,,0
4BB0150,Little Acorns Pre-School Playgroup,Clandeboye Primary School,BT20 3JW,,VP Pre-schools,54.65172,-5.6817,,0
3BB0269,Little Amps Early Years,Ampertaine Primary School,BT46 5SB,,VP Pre-schools,54.88365,-6.63151,,0
4CA0615,Little Bear's Day Nursery,Unit 2a Ashbury Shopping Centre,BT19 6TH,,VP Pre-schools,54.6487,-5.63652,,0
2AB0035,Little Diamonds Community Playgroup,The Diamond Centre,BT47 4EA,,VP Pre-schools,54.91419,-7.15111,,0
4AB0439,Little Doves Community Playgroup,West Winds Community Centre,BT23 4QX,,VP Pre-schools,54.58212,-5.70529,,0
1AB0477,Little Ducks,Carew II Family & Training Centre,BT4 1HS,heather_opmanager@hotmail.com,VP Pre-schools,54.60044,-5.89601,,0
1230089,Little Flower Girls' School,71A SOMERTON ROAD,BT15 4DE,info@littleflower.belfast.ni.sch.uk,Secondary (non-grammar) school,54.63057,-5.93407,14.69,637
5136627,Little Flower Nursery School,4 COOLE ROAD,BT71 5DR,info@littleflowerns.dungannon.ni.sch.uk,Nursery school,54.55044,-6.63704,26,0
2AB0055,Little Flower Playgroup,28 Peacock Road,BT82 9NW,,VP Pre-schools,54.78633,-7.48775,,0
5AB0336,Little Folk Playgroup,Lecture Hall,BT34 3EL,littlefolk@hotmail.co.uk,VP Pre-schools,54.10009,-6.19673,,0
2AB0295,Little Friends Playgroup,Strathroy Community Centre,BT79 7XE,,VP Pre-schools,54.61242,-7.30907,,0
5CA0559,Little Friends Private Day Care,67 Huntley Road,BT32 3UA,littlefriendspreschool@hotmail.co.uk,VP Pre-schools,54.35714,-6.27812,,0
4CA0611,Little Gems Day Nursery,1 Dunlady Road,BT16 1TT,,VP Pre-schools,54.59506,-5.79784,,0
1CA0590,Little Hands Little Feet Ltd,Derryvolgie House,BT9 6SB,,VP Pre-schools,54.57806,-5.94262,,0
3AB0350,Little Hands Pre-School,Parkhall Complex,BT41 1AJ,,VP Pre-schools,54.71999,-6.19895,,0
4BB0159,Little Oaks Pre-School,109 Queensway,BT27 4QS,,VP Pre-schools,54.53151,-6.03163,,0
5AB0504,Little Oaks Pre-School Group,Killicomaine Community Centre,BT63 5HE,littleoaks.preschool.playgroup@gmail.com,VP Pre-schools,54.42361,-6.42333,,0
5AB0192,Little People Pre-School Centre,Ninemile Road,BT35 0HN,littlepeople7@hotmail.co.uk,VP Pre-schools,54.19528,-6.57747,,0
3AB0525,Little Rainbows Early Years,189a Glen Road,BT46 5JN,,VP Pre-schools,54.84736,-6.719,,0
2AB0316,Little Rascals Community Playgroup,Drumsurn Road,BT49 0PX,,VP Pre-schools,54.99063,-6.8638,,0
4CA0613,Little Rays Day Nursery,3 Main Street,BT67 0LE,,VP Pre-schools,54.47814,-6.23169,,0
4CA0623,Little Rays Day Nursery,102 Queensway,BT27 4QP,,VP Pre-schools,54.53183,-6.02898,,0
3CA0271,Little Robins Pre-School,Inver Lodge,BT40 3BY,,VP Pre-schools,54.84778,-5.8285,,0
2AB0340,Little Smarties Pre-School,Gilaroo Centre,BT93 4ER,,VP Pre-schools,54.41493,-8.09011,,0
4BB0470,Little Sunbeams' Playgroup,c/o St Mary's Primary School,BT24 7JD,,VP Pre-schools,54.45311,-5.8265,,0
2AB0407,Little Treasures Playgroup,1 Moher Road,BT92 4BB,,VP Pre-schools,54.22653,-7.64937,,0
5AB0210,Little Villagers Playgroup,Mossfield Playing Fields,BT60 2LF,littlevill_glenanne@hotmail.com,VP Pre-schools,54.24051,-6.50447,,0
3AB0534,Little Wombles Cross Community Playgroup,Above Library,BT45 7AA,,VP Pre-schools,54.79398,-6.78193,,0
3010745,Loanends Primary School,192 SEVENMILE STRAIGHT,BT29 4YR,info@loanends.crumlin.ni.sch.uk,Primary school,54.66345,-6.10564,22.5,196
5AB0198,Lollipop Playgroup,The Torrent Complex,BT70 3DL,lollipopplaygroup@hotmail.co.uk,VP Pre-schools,54.53327,-6.8125,,0
2010380,Londonderry Model Primary School,NORTHLAND ROAD,BT48 7HJ,info@model.londonderry.ni.sch.uk,Primary school,55.00224,-7.32775,20.13,284
4016004,Londonderry Primary School,2A GLENBROOK ROAD,BT23 4EY,info@lderryps.newtownards.ni.sch.uk,Primary school,54.59888,-5.70131,23.46,384
3010466,Longstone Primary School,82 CARNEARNEY ROAD,BT42 2PN,info@longstoneps.ballymena.ni.sch.uk,Primary school,54.82809,-6.42162,14.34,34
4316273,Longstone Special School,MILLAR'S LANE,BT16 2DA,info@longstone.belfast.ni.sch.uk,Special school,54.58633,-5.79359,6.38,0
2036475,Longtower Primary School,BISHOP STREET,BT48 6QQ,info@longtower.derry.ni.sch.uk,Primary school,54.99306,-7.32765,22.33,238
3420034,Loreto College,CASTLEROCK ROAD,BT51 3JZ,info@loretocollege.coleraine.ni.sch.uk,Secondary (grammar) school,55.13951,-6.68982,16.04,807
2420065,Loreto Grammar School,JAMES STREET,BT78 1DL,info@loretogs.omagh.ni.sch.uk,Secondary (grammar) school,54.60003,-7.30908,15.71,880
2032724,Loughash Primary School,53 AGHAFAD ROAD,BT82 0QG,info@loughashps.strabane.ni.sch.uk,Primary school,54.85686,-7.22566,17.5,35
5AA0421,Loughbrickland Pre-School,Aghaderg Road,BT32 4LA,sharonhoneyford@yahoo.co.uk,VP Pre-schools,54.31224,-6.29685,,0
5AB0332,Loughgall Playgroup,Ballygasey Road,BT61 8HY,loughgallplaygroup@hotmail.com,VP Pre-schools,54.40765,-6.61076,,0
3AB0259,Loughgiel Early Years,The Millennium Centre,BT44 9JN,,VP Pre-schools,55.06113,-6.30825,,0
4AB0279,Loughinisland Playgroup,35 Loughinisland Road,BT30 8PZ,,VP Pre-schools,54.33776,-5.82431,,0
4056710,Loughries Integrated Primary School,2 BALLYBLACK ROAD,BT23 8SR,info@loughriesips.newtownards.ni.sch.uk,Primary school,54.5802,-5.64236,17.92,75
5BB0597,Loughshore Playgroup,84 Maghery Road,BT71 6PA,loughshoreplaygroup@gmail.com,VP Pre-schools,54.5091,-6.57176,,0
4066579,Loughview Integrated Primary School,63 CHURCH ROAD,BT6 9SA,info@loughviewintegrated.belfast.ni.sch.uk,Primary school,54.56903,-5.8757,24.46,419
5AB0211,Lower Mourne Pre-School Playgroup,Longstone Community Hall,BT34 4UZ,lowermournepreschool@hotmail.co.uk,VP Pre-schools,54.10966,-5.93294,,0
1016537,Lowwood Primary School,SHERINGHURST PARK,BT15 4BL,info@lowwood.belfast.ni.sch.uk,Primary school,54.63515,-5.92595,20.7,184
2420287,Lumen Christi College,181 BISHOP STREET,BT48 6UJ,info@lumenchristi.derry.ni.sch.uk,Secondary (grammar) school,54.99065,-7.33111,15.14,854
5410057,Lurgan College,9 COLLEGE WALK,BT66 6JW,info@lurgancollege.lurgan.ni.sch.uk,Secondary (grammar) school,54.47197,-6.34812,15.17,455
5210271,Lurgan Junior High,TOBERHEWNY LANE LOWER,BT66 8SU,info@lurganjuniorhigh.lurgan.ni.sch.uk,Secondary (non-grammar) school,54.45474,-6.32713,15.37,615
5010992,Lurgan Model Primary School,BROWNLOW TERRACE,BT67 9AT,info@lurganmodel.lurgan.ni.sch.uk,Primary school,54.46767,-6.33452,21,183
3AB0135,Macosquin Community Pre-school,Macosquin Community House,BT51 4NF,,VP Pre-schools,55.10068,-6.71104,,0
3013700,Macosquin Primary School,34 DUNDERG ROAD,BT51 4ND,info@macosquinps.coleraine.ni.sch.uk,Primary school,55.10025,-6.70861,22.22,200
4016417,Maghaberry Primary School,17A MAGHABERRY ROAD,BT67 0JE,info@maghaberryps.lisburn.ni.sch.uk,Primary school,54.50313,-6.19361,19.01,214
3012291,Maghera Primary School,15 STATION ROAD,BT46 5BS,info@magheraps.maghera.ni.sch.uk,Primary school,54.84416,-6.66862,17.89,102
3012267,Magherafelt Controlled Primary School,32 Castledawson Road,BT45 6PA,info@magherafeltps.magherafelt.ni.sch.uk,Primary school,54.75968,-6.60241,25.2,252
3210035,Magherafelt High School,30 MONEYMORE ROAD,BT45 6AF,info@magherafelthigh.magherafelt.ni.sch.uk,Secondary (non-grammar) school,54.75063,-6.61103,13.77,544
3116177,Magherafelt Nursery School,32A Castledawson Road,BT45 6PA,info@magherafeltns.magherafelt.ni.sch.uk,Nursery school,54.75978,-6.60021,26,0
2032473,Magheralough Primary School,48 MAGHERALOUGH ROAD,BT78 3SZ,info@magheraloughps.trillick.ni.sch.uk,Primary school,54.45482,-7.52521,14,28
2AB0288,Magilligan Community Playgroup,396 Seacoast Road,BT49 0LA,,VP Pre-schools,55.13734,-6.94759,,0
2016127,Maguiresbridge Primary School,7 DRUMGOON ROAD,BT94 4PB,info@maguiresbridgeps.enniskillen.ni.sch.uk,Primary school,54.29525,-7.46947,26.75,107
3BB0533,Maine Integrated Playgroup,93 Portglenone Road,BT41 3EH,,VP Pre-schools,54.75704,-6.33009,,0
3066652,Maine Integrated Primary School,93 PORTGLENONE ROAD,BT41 3EH,info@maineips.randalstown.ni.sch.uk,Primary school,54.75704,-6.33009,21.35,111
3AB0575,Mallusk Community Playgroup,Academy Sports Club Grounds,BT36 4QE,,VP Pre-schools,54.67923,-6.00264,,0
3056708,Mallusk Controlled Integrated Primary,84 MALLUSK ROAD,BT36 4QE,info@malluskCIPS.newtownabbey.ni.sch.uk,Primary school,54.67892,-6.00336,6,12
1260294,Malone Integrated College,45 FINAGHY ROAD,BT10 OJB,info@malonecollege.belfast.ni.sch.uk,Secondary (non-grammar) school,54.56626,-5.98026,14.41,591
1AA0423,Malone Nursery School,The Kings Hall Complex,BT9 6GW,simplymemalone@yahoo.co.uk,VP Pre-schools,54.56749,-5.96766,,0
1016498,Malvern Primary School,25-35 FORSTER STREET,BT13 1HW,info@malvern.belfast.ni.sch.uk,Primary school,54.60666,-5.94371,16.33,98
5011687,Maralin Village Primary School,2 STEPS ROAD,BT67 0QZ,info@maralinvillage.magheralin.ni.sch.uk,Primary school,54.46573,-6.25912,26.07,274
5210083,Markethill High School,61 MOWHAN ROAD,BT60 1RQ,info@markethillhigh.markethill.ni.sch.uk,Secondary (non-grammar) school,54.28994,-6.52152,15,495
5016436,Markethill Primary School,14 MOWHAN ROAD,BT60 1RQ,info@markethillps.markethill.ni.sch.uk,Primary school,54.29477,-6.52133,25.63,323
1136349,Matt Talbot Nursery School,NEW BARNSLEY GREEN,BT12 7HS,info@matttalbotns.belfast.ni.sch.uk,Nursery school,54.5969,-5.98701,26,0
1110002,Mcarthur Nursery School,SUSAN STREET,BT5 4FE,info@mcarthurns.belfast.ni.sch.uk,Nursery school,54.59833,-5.90467,26.5,0
2BB0452,McClintock Children's Centre,77 Letfern Road,BT78 1UQ,,VP Pre-schools,54.51715,-7.25384,,0
2012344,Mcclintock Primary School,LETFERN ROAD,BT78 1UQ,info@mcclintockps.omagh.ni.sch.uk,Primary school,54.51715,-7.25384,20.25,81
4010512,McKinney Primary School Dundrod,3 LEATHENSTOWN ROAD,BT29 4HX,info@mckinneyps.crumlin.ni.sch.uk,Primary school,54.61365,-6.12137,20.53,130
4016636,Meadow Bridge Primary School,3 LANY ROAD,BT26 6JR,info@mbps.lisburn.ni.sch.uk,Primary school,54.47213,-6.14389,25.13,292
5AB0329,Meigh Community Pre-School,5A Dromintee Road,BT35 8SJ,meigh-preschool@hotmail.co.uk,VP Pre-schools,54.12109,-6.39291,,0
1230104,Mercy College Belfast,BALLYSILLAN ROAD,BT14 7QR,info@ourlady.belfast.ni.sch.uk,Secondary (non-grammar) school,54.6242,-5.97304,13.68,446
1036041,Mercy Primary School,614 CRUMLIN ROAD,BT14 7GL,info@mercy.belfast.ni.sch.uk,Primary school,54.61685,-5.97155,17.02,211
1420022,Methodist College,1 MALONE ROAD,BT9 6BY,info@mcb.belfast.ni.sch.uk,Secondary (grammar) school,54.58256,-5.93825,17.24,1776
3AB0248,Millburn Community Pre-School Playgroup (formerly Brookvale),The Community Centre,BT52 2AN,,VP Pre-schools,55.13896,-6.66415,,0
3012264,Millburn Primary School,ARTILLERY ROAD,BT52 2AQ,info@millburnps.coleraine.ni.sch.uk,Primary school,55.13858,-6.66263,20.43,355
4066644,Millennium Integrated Primary School,139A BELFAST RD  LISDOONAN,BT24 7HF,info@millenniumips.saintfield.ni.sch.uk,Primary school,54.49471,-5.85538,21.46,276
5116189,Millington Nursery School,CRAIGAVON AVENUE,BT62 3HQ,info@millingtonns.portadown.ni.sch.uk,Nursery school,54.41888,-6.45205,27,0
5016007,Millington Primary School,CRAIGAVON AVENUE,BT62 3HQ,info@millington.portadown.ni.sch.uk,Primary school,54.41905,-6.45063,25.96,663
4011681,Millisle Primary School,ABBEY ROAD,BT22 2DD,info@millisleps.newtownards.ni.sch.uk,Primary school,54.60689,-5.53079,24.32,199
3030438,Millquarter Primary School,139 CROSSKEYS ROAD,BT41 3PY,info@millquarterps.antrim.ni.sch.uk,Primary school,54.79915,-6.43184,23.28,135
3066544,Millstrand Integrated Primary School,33 DHU VARREN,BT56 8EW,info@millstrandintegratedps.portrush.ni.sch.uk,Primary school,55.19692,-6.66523,19.64,187
5011651,Milltown Primary School,167 LURGAN ROAD,BT32 4NR,info@milltown.banbridge.ni.sch.uk,Primary school,54.37709,-6.28966,20.38,53
1310016,Mitchell House Special School,1A MARMONT DRIVE,BT4 2GT,info@mitchellhouse.belfast.ni.sch.uk,Special school,54.61201,-5.86157,6.64,0
2011789,Moat Primary School,LISNASKEA,BT92 0JH,info@moatps.lisnaskea.ni.sch.uk,Primary school,54.24972,-7.44426,19.53,125
4016104,Moira Primary School,21 BACKWOOD ROAD,BT67 0LJ,info@moiraps.lisburn.ni.sch.uk,Primary school,54.48158,-6.2298,26.43,388
5031516,Moneydarragh Primary School,101 LONGSTONE ROAD,BT34 4UZ,info@moneydarragh.annalong.ni.sch.uk,Primary school,54.10697,-5.93804,17.39,80
5012280,Moneymore Primary School,2A NORTHLAND DRIVE,BT45 7QT,info@moneymore.moneymore.ni.sch.uk,Primary school,54.69501,-6.66819,23.22,193
3030815,Moneynick Primary School,104 MONEYNICK ROAD,BT41 3HS,info@moneynickps.randalstown.ni.sch.uk,Primary school,54.74168,-6.39104,20.33,61
4011699,Moneyrea Primary School,36 CHURCH ROAD,BT23 6BB,info@moneyreaps.newtownards.ni.sch.uk,Primary school,54.53275,-5.82777,26.58,210
3116219,Monkstown Nursery School,JENNINGS PARK,BT37 0NB,info@monkstownns.monkstown.ni.sch.uk,Nursery school,54.6911,-5.91278,23.64,0
3010818,Moorfields Primary School,180 MOORFIELDS ROAD,BT42 3EF,info@moorfields.ballymena.ni.sch.uk,Primary school,54.82842,-6.15559,24.88,199
3013323,Mossgrove Primary School,29 SWANSTOWN ROAD GLENGORMLEY,BT36 5DN,info@mossgroveps.newtownabbey.ni.sch.uk,Primary school,54.67475,-5.97297,23.02,233
3116162,Mossley Nursery School,2A HAZELBURN ROAD,BT36 5NA,info@mossleyns.newtownabbey.ni.sch.uk,Nursery school,54.69223,-5.94679,25.57,0
3016015,Mossley Primary School,2 HAZELBURN ROAD,BT36 5NA,info@mossleyps.newtownabbey.ni.sch.uk,Primary school,54.6928,-5.94539,23.25,620
2420041,Mount Lourdes Grammar School,4 BELMORE STREET,BT74 6AB,info@mountlds.enniskillen.ni.sch.uk,Secondary (grammar) school,54.34507,-7.63482,15.06,753
4AA0156,Mount Oriel Playgroup,45 Saintfield Road,BT8 6HJ,,VP Pre-schools,54.56012,-5.90979,,0
5031126,Mount St Catherine's Primary School,11 WINDMILL HILL,BT60 4BR,info@mtstcatherines.armagh.ni.sch.uk,Primary school,54.34814,-6.66276,18.88,219
3030688,Mount St Michael's Primary School,3 CRAIGSTOWN ROAD,BT41 2AF,info@mountstmichaelsps.randalstown.ni.sch.uk,Primary school,54.75075,-6.31002,22.37,417
3AB0087,Mount St Nicholas Playgroup,YMCA,BT38 8AT,,VP Pre-schools,54.71399,-5.81492,,0
5011161,Mountnorris Primary School,7 MAIN STREET,BT60 2TR,info@mountnorrisps.mountnorris.ni.sch.uk,Primary school,54.25298,-6.47635,20,91
4AA0146,Movilla Abbey Playgroup,Movilla Abbey,BT23 8EZ,,VP Pre-schools,54.59496,-5.6717,,0
4210012,Movilla High School,DONAGHADEE ROAD,BT23 7HA,info@movilla.newtownards.ni.sch.uk,Secondary (non-grammar) school,54.59543,-5.68267,9.4,219
5BB0215,Moy Area Playgroup,12 Dungannon Road,BT71 7SN,info@moyareaplaygroup.com,VP Pre-schools,54.44876,-6.69952,,0
5012636,Moy Regional Primary School,12 DUNGANNON ROAD,BT71 7SN,info@moyregional.moy.ni.sch.uk,Primary school,54.44876,-6.69952,20.63,66
5016543,Moyallon Primary School,103 MOYALLON ROAD,BT63 5JY,info@moyallon.craigavon.ni.sch.uk,Primary school,54.3995,-6.38865,21.52,205
3010870,Moyle Primary School,18 SALLAGH PARK,BT40 1NS,info@moyleps.larne.ni.sch.uk,Primary school,54.85689,-5.81963,20.37,353
3AB0117,Muckamore Pre-School Playgroup,Muckamore Community Centre,BT41 1PH,,VP Pre-schools,54.70656,-6.18063,,0
2BB0341,Mullabuoy Pre-School,60 Lettershandoney Avenue,BT47 3HZ,,VP Pre-schools,54.98001,-7.21498,,0
2033707,Mullabuoy Primary School,60 LETTERSHENDONY AVENUE,BT47 3HZ,info@mullabuoyps.drumahoe.ni.sch.uk,Primary school,54.98001,-7.21498,22,88
5011019,Mullaglass Primary School,8 GORAGH ROAD,BT35 6PZ,info@mullaglass.newry.ni.sch.uk,Primary school,54.2078,-6.36859,20,88
2BB0062,Mullanaskea Pre-School,24 Fedden Road,BT74 4FD,,VP Pre-schools,54.36087,-7.5609,,0
5011095,Mullavilly Primary School,46 MULLAVILLY ROAD,BT62 2LX,info@mullavilly.tandragee.ni.sch.uk,Primary school,54.37285,-6.4466,19.07,130
5AB0656,Na??scoil an Ch??ide,Keady GAA,BT60 3RH,naiscoilancheide@yahoo.com,VP Pre-schools,54.25307,-6.70445,,0
5AB0395,Na??scoil an Chreag??in,Silverbridge Resource Centre,BT35 9PQ,kealeyadrienne@gmail.com,VP Pre-schools,54.09679,-6.53756,,0
5BB0235,Na??scoil an I??ir,74 Kilmorey Street,BT34 2DH,naiscoilaniuir88@gmail.com,VP Pre-schools,54.16904,-6.33377,,0
1BB0476,Na??scoil an Lonn??in,61 Falls Road,BT12 4PD,cmcbride722@c2kni.net,VP Pre-schools,54.598,-5.95341,,0
5BB0547,Naiscoil Aodha Rua,97 Donaghmore Road,BT70 1HD,naiscoilaodharua@outlook.com,VP Pre-schools,54.50889,-6.77811,,0
3AB0114,Na??scoil Charn T??chair,131 Tirkane Road,BT46 5NH,,VP Pre-schools,54.87097,-6.70998,,0
4AB0601,Na??scoil Chill Locha,43 Rossglass Road,BT30 7QZ,,VP Pre-schools,54.25085,-5.64422,,0
5BB0393,Na??scoil Chois Locha,c/o St Francis PS,BT66 6DL,naiscoilchoislocha@hotmail.co.uk,VP Pre-schools,54.46388,-6.35129,,0
2AB0071,Na??scoil Cholmcille,Unit 6 NW Business Complex,BT48 8SE,,VP Pre-schools,55.0369,-7.32421,,0
2BB0345,Na??sco??l Cholmc??lle an Charraig Mhor,2 Rockstown Road,BT79 9BE,,VP Pre-schools,54.5977,-7.05312,,0
4AB0409,Na??scoil Dhun Padraig,St Michael's Parish Centre,BT30 6BS,,VP Pre-schools,54.32597,-5.71304,,0
3BB0535,Na??scoil ??anna,Hightown Road,BT36 7AU,,VP Pre-schools,54.66259,-5.97056,,0
3AB0642,Naiscoil Ghleann an Iolair,9 Curraghmore Road,BT51 5DZ,,VP Pre-schools,54.95494,-6.73598,,0
3AB0523,Na??scoil Ghleann Darach,The Mobile,BT29 4LA,,VP Pre-schools,54.61612,-6.22492,,0
2BB0563,Naiscoil Leim an Mhadaidh,57 Church Street,BT49 0BX,,VP Pre-schools,55.05116,-6.94322,,0
3AB0125,Naiscoil Mhachaire Ratha,41-43 Glen Road,BT46 5AP,,VP Pre-schools,54.8458,-6.67785,,0
1AB0428,Naiscoil Mhic Reachtain,174 Trust,BT14 6BP,amcglue354@c2kni.net,VP Pre-schools,54.61253,-5.93645,,0
5BB0392,Na??scoil Na Banna,250A Garvaghy Road,BT62 1EB,naiscoilnabanna@hotmail.co.uk,VP Pre-schools,54.43471,-6.46151,,0
2BB0511,Na??scoil na Dar??ige,Corr??n U?? Nuall??in,BT48 0PD,,VP Pre-schools,55.02146,-7.34477,,0
2AB0569,Na??scoil na Deirge,30 Hospital Road,BT81 7HY,,VP Pre-schools,54.71216,-7.58734,,0
4AB0154,Na??scoil na Fuiseoige,6 Summerhill Road,BT17 0RL,,VP Pre-schools,54.55056,-6.02407,,0
5BB0562,Naiscoil na mBeann,139a Newcastle Road,BT34 4NL,naiscoilnambeann@googlemail.com,VP Pre-schools,54.07313,-5.98079,,0
1BB0015,Na??scoil na M??na,5 Monagh Grove,BT11 8EJ,,VP Pre-schools,54.58688,-5.99267,,0
5BB0617,Na??scoil na P??irce Glaise,CBS Smartees,BT60 4AB,omcmanus162@c2kni.net,VP Pre-schools,54.34214,-6.66019,,0
3AB0481,Na??scoil na Speir??n??,82 Sixtowns Road,BT45 7BB,,VP Pre-schools,54.82181,-6.84075,,0
3BB0648,Naiscoil Na Tamhnimoire,30 Chapeltown Road,BT41 2LD,,VP Pre-schools,54.7844,-6.23912,,0
2AB0046,Na??scoil Neachtain,55 Garvagh Road,BT47 4LU,,VP Pre-schools,54.93063,-6.91906,,0
5AB0561,Naiscoil Shliabh gCuilinn,The Pastoral Centre,BT35 8HR,info@naiscoilshliabhgcuilinn.org,VP Pre-schools,54.0916,-6.36876,,0
2030373,Nazareth House Primary School,BISHOP STREET,BT48 6UN,info@nazarethhouse.derry.ni.sch.uk,Primary school,54.98978,-7.32857,23.55,228
4210045,Nendrum College,DARRAGH ROAD,BT23 5BX,info@nendrumcollege.comber.ni.sch.uk,Secondary (non-grammar) school,54.55358,-5.7434,14.68,414
1010267,Nettlefield Primary School,RADNOR STREET,BT6 8BG,info@nettlefield.belfast.ni.sch.uk,Primary school,54.59221,-5.90629,20.06,305
1110036,New Lodge Nursery School,DUNCAIRN PARADE,BT15 2ET,info@newlodgens.belfast.ni.sch.uk,Nursery school,54.61099,-5.93221,26,0
3032109,New Row Primary School,43 NEW ROW,BT45 8AP,info@newrowps.castledawson.ni.sch.uk,Primary school,54.77693,-6.55648,20.63,165
5260285,New-Bridge Integrated College,25 DONARD VIEW ROAD,BT32 3LN,info@newbridgecollege.loughbrickland.ni.sch.uk,Secondary (non-grammar) school,54.31842,-6.31048,15.55,597
2012261,Newbuildings Primary School,83A VICTORIA ROAD,BT47 2RL,info@newbuildings.newbuildings.ni.sch.uk,Primary school,54.95796,-7.35951,24.17,170
4AB0181,Newcastle Pre-School Playgroup,10-14 Central Promenade,BT33 0AA,,VP Pre-schools,54.20912,-5.89037,,0
4011698,Newcastle Primary School,SHIMNA ROAD,BT33 0AS,info@newcastleps.newcastle.ni.sch.uk,Primary school,54.21525,-5.89108,17.56,132
5AB0186,Newmills Playgroup,82a Annaginney Road,BT71 4EA,newmillspg@btinternet.com,VP Pre-schools,54.5516,-6.74407,,0
5012719,Newmills Primary School,96 FARLOUGH ROAD,BT71 4DX,info@newmills.dungannon.ni.sch.uk,Primary school,54.55005,-6.73999,19.87,82
5210186,Newry High School,23 ASHGROVE ROAD,BT34 1QN,info@newryhigh.newry.ni.sch.uk,Secondary (non-grammar) school,54.18772,-6.33335,15.18,413
3AB0092,Newtownabbey Methodist Mission Pre-School,35a Rathcoole Drive,BT37 9AQ,,VP Pre-schools,54.66036,-5.91656,,0
4011345,Newtownards Model Primary School,SCRABO ROAD,BT23 4NW,info@ardsmodelps.newtownards.ni.sch.uk,Primary school,54.59127,-5.70796,23.15,413
4110035,Newtownards Nursery School,2F PORTAFERRY ROAD,BT23 8NN,info@newtownardsns.newtownards.ni.sch.uk,Nursery school,54.59109,-5.69005,26,0
2AB0222,Newtownbutler Cross Community Playgroup,Galloon Gardens,BT92 8GT,,VP Pre-schools,54.18313,-7.35658,,0
2011879,Newtownbutler(2) Primary School,58 HIGH STREET,BT92 8JE,info@newtownbutlerps.enniskillen.ni.sch.uk.,Primary school,54.18465,-7.36364,14,54
5210025,Newtownhamilton High School,9 ARMAGH ROAD,BT35 0DG,info@nhs.newtownhamilton.ni.sch.uk,Secondary (non-grammar) school,54.19669,-6.5791,12.38,177
5011137,Newtownhamilton Primary School,8 SCHOOL ROAD,BT35 0DQ,info@newtownhamiltonps.newtownhamilton.ni.sch.uk,Primary school,54.1966,-6.57853,16.05,61
2016262,Newtownstewart Model Primary School,6 BARONSCOURT ROAD,BT78 4EX,info@newtownstewartmodelps.newtownstewart.ni.sch.uk,Primary school,54.71893,-7.38842,21,63
2BB0454,Nippers Alley Playgroup,166 Loughmacrory Road,BT79 9LG,,VP Pre-schools,54.62536,-7.10823,,0
3260290,North Coast Integrated College,21 CLOYFIN ROAD,BT52 2NU,info@ncic.coleraine.ni.sch.uk,Secondary (non-grammar) school,55.14141,-6.65106,12.17,427
5AB0214,O'Fiaich Playgroup,96/97 Callanbridge Road,BT60 4BT,ofiaichplaygroup@hotmail.com,VP Pre-schools,54.35051,-6.67295,,0
3016257,Oakfield Primary School,OAKFIELD DRIVE,BT38 7SP,info@oakfieldps.carrickfergus.ni.sch.uk,Primary school,54.73346,-5.80532,23.94,289
2260276,Oakgrove Integrated College,STRADREAGH,BT47 6TG,info@oakgrovecollege.derry.ni.sch.uk,Secondary (non-grammar) school,55.02466,-7.28004,14.51,819
2066558,Oakgrove Integrated Primary School,RECTORY FIELD,BT47 6JY,info@oips.lderry.ni.sch.uk,Primary school,54.99884,-7.30543,23.28,393
4BB0473,Oakwood Integrated Children's Centre,48 The Cutts,BT17 9HN,,VP Pre-schools,54.54279,-6.02817,,0
4066611,Oakwood Integrated Primary School,48 THE CUTTS,BT17 9HN,info@oakwoodips.belfast.ni.sch.uk,Primary school,54.54279,-6.02817,22.11,199
1316582,Oakwood School and Assessment Centre,HARBERTON PARK,BT9 6TX,info@oakwood.belfast.ni.sch.uk,Special school,54.55793,-5.96628,4.74,0
4016144,Old Warren Primary School,147 DRUMBEG DRIVE,BT28 1QP,info@oldwarrenps.lisburn.ni.sch.uk,Primary school,54.50317,-6.05968,18.08,115
3010646,Olderfleet Primary School,116-128 CURRAN ROAD,BT40 1BX,info@olderfleetps.larne.ni.sch.uk,Primary school,54.85126,-5.804,21.74,182
1116159,Oldpark Nursery School,SYLVAN STREET,BT14 6GN,info@oldparkns.belfast.ni.sch.uk,Nursery school,54.61545,-5.94765,26,0
2410066,Omagh Academy,21-23 DUBLIN ROAD,BT78 1HF,info@omaghacademy.omagh.ni.sch.uk,Secondary (grammar) school,54.59774,-7.29846,16,673
2012691,Omagh County Primary School,37 CAMPSIE ROAD,BT79 0AJ,info@omaghcounty.omagh.ni.sch.uk,Primary school,54.60077,-7.291,21.86,280
2210125,Omagh High School,14 CREVENAGH ROAD,BT79 0EQ,info@omaghhigh.omagh.ni.sch.uk,Secondary (non-grammar) school,54.59927,-7.28855,13.63,398
2066552,Omagh Integrated Primary School,DERGMONEY LANE  9 BALLYNAHATTY ROAD,BT78 1PN,info@integratedprimary.omagh.ni.sch.uk,Primary school,54.5862,-7.29427,22.73,337
2116265,Omagh North Nursery School,64A OLD MOUNTFIELD ROAD,BT79 7EG,info@omaghnorthns.omagh.ni.sch.uk,Nursery school,54.60577,-7.29334,33.13,0
1010273,Orangefield Primary School,MARINA PARK,BT5 6BA,info@orangefieldps.belfast.ni.sch.uk,Primary school,54.58542,-5.87628,23.11,410
2AB0029,Orchard Community Playgroup,32a Hyacinth Avenue,BT49 9HT,,VP Pre-schools,55.04524,-7.01814,,0
5016658,Orchard County Primary School,65 BLACKISLAND ROAD,BT62 1NH,info@orchardcounty.portadown.ni.sch.uk,Primary school,54.45753,-6.60733,23.96,152
5BB0500,Orchard Pre-school,14 Ballyhegan Road,BT61 8PX,orchardplaygroup@live.co.uk,VP Pre-schools,54.40814,-6.56368,,0
5016221,Orritor Primary School,249 ORRITOR ROAD,BT80 9NE,info@orritor.cookstown.ni.sch.uk,Primary school,54.65787,-6.81424,21.33,166
4036693,Our Lady and St Patrick Primary School,Edward Street,BT30 6JD,info@conmercyps.downpatrick.ni.sch.uk,Primary school,54.32553,-5.70866,21.24,446
4420259,Our Lady and St Patrick's College,120 Gilnahirk Road,BT5 7DL,info@knock.belfast.ni.sch.uk,Secondary (grammar) school,54.58566,-5.83998,15.06,1271
3230075,Our Lady of Lourdes High School,CASTLE STREET,BT53 6JX,info@lourdeshigh.ballymoney.ni.sch.uk,Secondary (non-grammar) school,55.06696,-6.52163,11.6,225
1030313,Our Lady of Lourdes Primary School,700 ANTRIM ROAD,BT15 5GQ,info@ourladyoflourdes.belfast.ni.sch.uk,Primary school,54.64526,-5.93634,23.06,618
2036415,Our Lady of Lourdes Primary School,279 CROCKANBOY ROAD,BT79 7QP,info@ourladyoflourdesps.omagh.ni.sch.uk,Primary school,54.69029,-7.07992,24.4,122
4036591,Our Lady Queen of Peace Primary School,1 CHERRY ROAD DUNMURRY,BT17 0RW,info@olqop.dunmurry.ni.sch.uk,Primary school,54.55602,-6.01254,22.02,355
5036639,Our Lady's and St Mochua's Primary School,91 DERRYNOOSE ROAD,BT60 3EZ,info@ourladysandstmochuas.derrynoose.ni.sch.uk,Primary school,54.23134,-6.77222,20.78,183
1030326,Our Lady's Girls' Primary School,DEANBY GARDENS,BT14 6NN,info@ourladysgirlsprimary.belfast.ni.sch.uk,Primary school,54.62347,-5.95411,19.69,378
5420060,Our Lady's Grammar School,CHEQUER HILL,BT35 6DY,info@ourladysgrammar.newry.ni.sch.uk,Secondary (grammar) school,54.18058,-6.34179,17.22,853
1136251,Our Lady's Nursery School,9 DEANBY GARDENS,BT14 6NN,info@ourladysns.belfast.ni.sch.uk,Nursery school,54.62226,-5.95389,26,0
1BB0012,Our Lady's Pre-School Playgroup,Sacred Heart Boys Primary School,BT14 6HH,ourladysplaygroup@hotmail.co.uk,VP Pre-schools,54.61602,-5.9482,,0
5036598,Our Lady's Primary School,MILTOWN ROAD,BT71 7NJ,info@ourladys.tullysaran.ni.sch.uk,Primary school,54.39145,-6.74317,22.36,156
5AB0309,Paddington Playgroup,40 Lurgylea Road,BT70 2NX,paddingtonplaygroup@gmail.com,VP Pre-schools,54.54345,-6.90382,,0
5AB0204,Panda Cross Community Playgroup,Unit 1 Killymaddy Centre,BT70 1TF,pandaccplaygroup@hotmail.co.uk,VP Pre-schools,54.48603,-6.88949,,0
2AB0313,Park Community Playgroup,Learmount Resource Centre,BT47 4BA,,VP Pre-schools,54.86419,-7.08551,,0
1316500,Park Education Resource Centre,145 RAVENHILL ROAD,BT6 8GH,info@park.belfast.ni.sch.uk,Special school,54.58749,-5.91164,8.74,0
3010642,Parkgate Primary School,79 GRANGE ROAD,BT39 0DH,info@parkgateps.ballyclare.ni.sch.uk,Primary school,54.72436,-6.09232,18.41,81
3250207,Parkhall Integrated College,STEEPLE ROAD,BT41 1AF,info@parkhallintegratedcollege.antrim.ni.sch.uk,Secondary (non-grammar) school,54.72277,-6.21079,14.68,674
3016058,Parkhall Primary School,SEACASH WALK,BT41 1AZ,info@parkhallps.antrim.ni.sch.uk,Primary school,54.72016,-6.20111,18.74,206
4316515,Parkview Special School,2 BROKERSTOWN ROAD,BT28 2EE,info@parkviewspecial.lisburn.ni.sch.uk,Special school,54.51611,-6.08527,7.67,0
5AB0396,Peatlands Playgroup,2 Clonmakate Road,BT62 1LR,estelle.brownlee@yahoo.co.uk,VP Pre-schools,54.48209,-6.54357,,0
2AB0571,Pennyburn Community Playgroup,C/O Maybrook A.T.C,BT48 8DG,,VP Pre-schools,55.01983,-7.31711,,0
2AB0343,Peter Pan Playgroup,32 Main Street,BT78 3SU,,VP Pre-schools,54.45135,-7.48766,,0
4CA0614,Peter's Patch Day Nursery,31 Carnreagh,BT26 6LJ,,VP Pre-schools,54.46941,-6.0726,,0
5066657,Phoenix Integrated Primary School,80 Fountain Street,BT80 8QF,info@phoenix-ips.cookstown.ni.sch.uk,Primary school,54.64061,-6.73718,24.03,190
1BB0013,Play and Learn Playgroup,Holy Cross Girls PS,BT14 7HZ,mccuskerandrea@hotmail.com,VP Pre-schools,54.6203,-5.96865,,0
4AB0440,Play-A-Way Childcare Centre,Zion Hall,BT23 7ER,,VP Pre-schools,54.59378,-5.68654,,0
3AB0576,Playaway Playgroup,Islandmagee Community Centre,BT40 3BW,,VP Pre-schools,54.78067,-5.70775,,0
3AB0260,Playhouse Activity Centre,Coleraine West Community Centre,BT51 3EZ,,VP Pre-schools,55.12549,-6.68414,,0
4AB0278,Playlinks Playgroup,The Playing Fields,BT30 7NB,,VP Pre-schools,54.36754,-5.55607,,0
2CB0294,Playtime Day Nursery & Playgroup,Eskra Childcare Centre,BT78 2RJ,,VP Pre-schools,54.4843,-7.2042,,0
5AB0206,Pomeroy Pre-School Playgroup,5A Cavanakeeran Road,BT70 2RD,siobhancorr9249@yahoo.co.uk,VP Pre-schools,54.59506,-6.93008,,0
4116418,Pond Park Nursery School,20 REDPOLL AVENUE,BT28 3PW,info@pondparkns.lisburn.ni.sch.uk,Nursery school,54.52616,-6.06651,26,0
4016401,Pond Park Primary School,63 POND PARK ROAD,BT28 3BF,info@pondparkps.lisburn.ni.sch.uk,Primary school,54.52547,-6.06745,25.09,623
4CA0378,Poppins Day Nursery,17 Chestnut Hill Road,BT67 0LW,,VP Pre-schools,54.49553,-6.21595,,0
5410067,Portadown College,4 KILLYCOMAINE ROAD,BT63 5BU,info@pc.portadown.ni.sch.uk,Secondary (grammar) school,54.42561,-6.4247,15.89,788
5066553,Portadown Integrated Primary School,1 KERNAN ROAD,BT63 5RR,info@portadownintegrated.portadown.ni.sch.uk,Primary school,54.43813,-6.41953,22.85,277
4051601,Portaferry Integrated Primary School,HIGH STREET,BT22 1QU,info@portaferryinteps.newtownards.ni.sch.uk,Primary school,54.38393,-5.54018,14.19,56
4BB0180,Portaferry pre school Playgroup,95c High Street,BT22 1QU,,VP Pre-schools,54.38376,-5.54125,,0
4011507,Portavogie Primary School,NEW HARBOUR ROAD,BT22 1EE,info@portavogieps.newtownards.ni.sch.uk,Primary school,54.45636,-5.44871,23.8,201
3AB0253,Portglenone Community Playgroup,Portglenone Community Centre,BT44 8HT,,VP Pre-schools,54.87504,-6.48059,,0
3016440,Portglenone Primary School,10 CULLYBACKEY ROAD,BT44 8AF,info@portglenoneps.ballymena.ni.sch.uk,Primary school,54.8741,-6.4719,19.81,107
3BB0367,Portrush Pre-School Community Playgroup,75 Crocnamac Road,BT56 8JW,,VP Pre-schools,55.20051,-6.64755,,0
3010847,Portrush Primary School,CROCKNAMACK ROAD,BT56 8JW,info@portrushps.portrush.ni.sch.uk,Primary school,55.20025,-6.64845,24.39,198
3012250,Portstewart Primary School,CENTRAL AVENUE,BT55 7BT,info@portstewartps.portstewart.ni.sch.uk,Primary school,55.18585,-6.71458,22.92,249
5AB0330,Poyntzpass Community Playgroup,The Meeting Place,BT35 6SW,poyntzpassplaygroupnews@gmail.com,VP Pre-schools,54.29225,-6.3744,,0
5016078,Poyntzpass Primary School,1 TANDRAGEE ROAD,BT35 6SL,info@poyntzpass.poyntzpass.ni.sch.uk,Primary school,54.29475,-6.37353,21.15,110
5036586,Presentation Primary School,THOMAS STREET,BT62 3AH,info@presentation.portadown.ni.sch.uk,Primary school,54.41799,-6.44274,20.54,267
5036590,Primate Dixon Primary School,4 SCHOOL LANE,BT71 4NW,info@primatedixon.coalisland.ni.sch.uk,Primary school,54.54615,-6.7085,19,506
3CA0643,Primrose Hill Day Nursery,3a Lisglass Road,BT39 9NP,,VP Pre-schools,54.73085,-5.96134,,0
4250024,Priory College,MY LADY'S MILE,BT18 9ER,info@priorycollege.holywood.ni.sch.uk,Secondary (non-grammar) school,54.63734,-5.83402,14.07,580
2AB0290,Puddleducks Playgroup,13B Drudgeon Road,BT78 1TJ,,VP Pre-schools,54.55943,-7.36116,,0
5016200,Queen Elizabeth II (Pomeroy) Primary School,3 EDENDOIT ROAD,BT70 2RW,info@queenelizabethii.pomeroy.ni.sch.uk,Primary school,54.59344,-6.92214,15.42,37
2012669,Queen Elizabeth II Primary School,115 KILSKEERY ROAD,BT78 3RJ,info@queenelizps.kilskeery.ni.sch.uk,Primary school,54.44269,-7.53783,12.35,42
5110017,Railway Street Nursery School,RAILWAY STREET,BT61 7HP,info@armaghns.armagh.ni.sch.uk,Nursery school,54.3529,-6.6549,28,0
2AB0043,Rainbow Child Family Centre,104 Bracken Park,BT48 8AZ,,VP Pre-schools,55.02757,-7.33285,,0
5AB0335,Rainbow Community Childcare,2 Stilago Road,BT71 7DW,rainbowcommunitychildcare@gmail.com,VP Pre-schools,54.45026,-6.79318,,0
2AB0344,Rainbow Community Playgroup,18 James Street,BT78 1QX,,VP Pre-schools,54.59863,-7.3092,,0
4AB0441,Rainbow Corner Playgroup,2 Main Street,BT67 0LE,,VP Pre-schools,54.47883,-6.23195,,0
3AB0100,Rainbow Playgroup,Sunnylands Community Centre,BT38 8JW,,VP Pre-schools,54.72162,-5.81254,,0
5AB0194,Rainbow Pre-School Playgroup,The Cathedral Hall,BT25 1AA,,VP Pre-schools,54.41478,-6.15191,,0
5AB0209,Rainbow Stop Playgroup,30b Seaboughan Road,BT60 1SD,rainbowstopplaygroup@hotmail.co.uk,VP Pre-schools,54.29466,-6.52579,,0
3420058,Rainey Endowed School,79 RAINEY STREET,BT45 5DB,info@rainey.magherafelt.ni.sch.uk,Secondary (grammar) school,54.75668,-6.61234,14.98,707
3010816,Randalstown Central Primary School,4 CHURCH ROAD,BT41 3AJ,info@randalstownps.randalstown.ni.sch.uk,Primary school,54.74906,-6.32477,22.72,197
3AB0097,Randalstown Community Playgroup,Neilsbrook Community Centre,BT41 3AE,,VP Pre-schools,54.75298,-6.3204,,0
5AB0227,Rascals 'n' Ruffians,10 Betty's Hill Road,BT34 2LY,rnrballyholland@gmail.com,VP Pre-schools,54.16114,-6.32622,,0
2AB0056,Rascals Community Playgroup,62 Main Street,BT79 8NH,,VP Pre-schools,54.71817,-7.23187,,0
2AB0455,Rascals Playstation,272 MULLAGHMEEN ROAD,BT94 2ER,,VP Pre-schools,54.41901,-7.59554,,0
3AB0082,Rasharkin Community Playgroup,Bamford Park,BT44 8RX,,VP Pre-schools,54.95538,-6.47818,,0
3016125,Rasharkin Primary School,BAMFORD PARK,BT44 8RX,info@rasharkinps.rasharkin.ni.sch.uk,Primary school,54.95475,-6.47815,26.43,74
3010895,Rathcoole Primary School,DERRYCOOLE WAY,BT37 9EL,info@rathcooleps.newtownabbey.ni.sch.uk,Primary school,54.6666,-5.92781,14.15,64
5210127,Rathfriland High School,78 NEWRY STREET,BT34 5PZ,info@rathfrilandhigh.rathfriland.ni.sch.uk,Secondary (non-grammar) school,54.23631,-6.16655,14.5,316
5AB0398,Rathfriland Pre School Playgroup,21A John Street,BT34 5QH,rathfriland-pre-school@hotmail.co.uk,VP Pre-schools,54.23692,-6.16285,,0
4BB0277,Rathkeltair Cross Community Playgroup,St Brigid's Primary School,BT30 6NL,,VP Pre-schools,54.33426,-5.70599,,0
1420095,Rathmore Grammar School,KINGSWAY,BT10 0LF,info@rathmoregs.belfast.ni.sch.uk,Secondary (grammar) school,54.54986,-5.99155,16.39,1276
4016067,Rathmore Primary School,RATHMORE ROAD,BT19 1DJ,info@rathmoreps.bangor.ni.sch.uk,Primary school,54.65692,-5.70236,23.18,586
5316519,Rathore School,23 MARTIN'S LANE,BT35 8PJ,info@rathore.newry.ni.sch.uk,Special school,54.17772,-6.3548,6.38,0
1116158,Ravenscroft Nursery School,RAVENSCROFT AVENUE,BT5 5BA,info@ravenscroftns.belfast.ni.sch.uk,Nursery school,54.59596,-5.8872,26,0
2032704,Recarson Primary School,68 ARVALEE ROAD,BT79 0NE,info@recarsonps.omagh.ni.sch.uk,Primary school,54.59556,-7.22654,20.8,104
4410063,Regent House School,CIRCULAR ROAD,BT23 4QA,info@rhs.newtownards.ni.sch.uk,Secondary (grammar) school,54.58988,-5.7035,17.14,1425
4610063,Regent House School,CIRCULAR ROAD,BT23 4QA,info@rhs.newtownards.ni.sch.uk,Preparatory Schools,54.58921,-5.70326,15,105
1AB0422,Resurrection Nursery and Playgroup,120 Cavehill Road,BT15 5BU,rachaelmcauley1@hotmail.com,VP Pre-schools,54.63039,-5.94603,,0
4AB0515,Rhyme Times Playgroup,Thiepval Barracks,BT28 3BN,,VP Pre-schools,54.52268,-6.04957,,0
5011165,Rich Mount Primary School,105 MOY ROAD,BT62 1QP,info@richmount.portadown.ni.sch.uk,Primary school,54.44104,-6.51012,22.22,120
5016643,Richmond Primary School,1 OLD OMAGH ROAD,BT70 2EZ,info@richmond.ballygawley.ni.sch.uk,Primary school,54.46487,-7.03456,20.96,109
5AB0646,Richmount Playgroup,Derrylettiff Road,BT62 1QU,richmountplay@hotmail.com,VP Pre-schools,54.44156,-6.51264,,0
4CA0530,Right Rascals Day Nursery Unit,17 Kilmood Church Road,BT23 6SA,,VP Pre-schools,54.49219,-5.7318,,0
4016615,Riverdale Primary School,288 BALLYNAHINCH ROAD,BT27 5LX,info@riverdale.lisburn.ni.sch.uk,Primary school,54.47635,-6.01417,24.14,208
3316609,Riverside Special School,FENNEL ROAD,BT41 4PB,info@riversidess.antrim.ni.sch.uk,Special school,54.71199,-6.21567,5.78,0
5032591,Roan St Patrick's Primary School,114 KILLYLISS ROAD,BT70 1LE,info@roan.eglish.ni.sch.uk,Primary school,54.45246,-6.79617,25.4,127
4CA0442,Rockmount Day Nursery,67 Dromore Road,BT24 8HS,,VP Pre-schools,54.40113,-5.91702,,0
3BB0608,Roddensvale Early Years Project,Roddensvale Special School,BT40 1PU,,VP Pre-schools,54.85657,-5.82195,,0
3316514,Roddensvale Special School,THE RODDENS,BT40 1PU,info@roddensvaless.larne.ni.sch.uk,Special school,54.85657,-5.82195,6.59,0
2AB0532,Roe Valley Community Playgroup,17 Rathbeg Drive,BT49 0BB,,VP Pre-schools,55.04691,-6.94395,,0
2066665,Roe Valley Integrated Primary School,153 ROE MILL ROAD,BT49 9EX,info@roevalleyips.limavady.ni.sch.uk,Primary school,55.03966,-6.95054,21.25,170
2032723,Roscavey Primary School,136 CLOGHERNY ROAD,BT79 0RE,info@roscaveyps.beragh.ni.sch.uk,Primary school,54.50795,-7.15933,18.67,56
2030364,Rosemount Primary School,18 HELEN STREET,BT48 9DD,info@rosemount.derry.ni.sch.uk,Primary school,55.00012,-7.33566,21.81,288
1010157,Rosetta Primary School,21-23 KNOCKBREDA ROAD,BT6 0JA,info@rosetta.belfast.ni.sch.uk,Primary school,54.57015,-5.91118,20.3,223
2AB0078,Roslea Cross Community Playgroup,Community Centre,BT92 7DD,,VP Pre-schools,54.23866,-7.17201,,0
2316662,Rossmar Special School,2 Ballyquin Road,BT49 9ET,info@rossmar.limavady.ni.sch.uk,Special school,55.04349,-6.94433,5.44,0
3310018,Rosstulla Special School,2-12 JORDONSTOWN ROAD,BT37 0QF,info@rosstullass.newtownabbey.ni.sch.uk,Special school,54.68204,-5.88479,8.95,0
3BB0536,Round Tower Community Playgroup,Round Tower Integrated Primary School,BT41 2TH,,VP Pre-schools,54.73438,-6.21721,,0
3056248,Round Tower Integrated Primary School,DURNISH ROAD,BT41 2TH,info@roundtowerips.antrim.ni.sch.uk,Primary school,54.73438,-6.21721,21.15,275
2AB0074,Roundabout Playgroup,8 Beech Road,BT47 4QB,,VP Pre-schools,54.95253,-6.96945,,0
4066682,Rowandale Integrated Primary School,18 Clarehill Road,BT67 OPB,info@rowandaleips.moira.ni.sch.uk,Primary school,54.47731,-6.21367,24,216
5620263,Royal School,COLLEGE HILL,BT61 9DG,info@royalschool.armagh.ni.sch.uk,Preparatory Schools,54.35064,-6.64806,15.67,47
2230298,Sacred Heart College,KEVLIN ROAD,BT78 1LG,info@shc.omagh.ni.sch.uk,Secondary (non-grammar) school,54.59435,-7.30601,14.28,837
5420076,Sacred Heart Grammar School,10 ASHGROVE AVENUE,BT34 1PR,info@sacredheart.newry.ni.sch.uk,Secondary (grammar) school,54.18871,-6.32735,16.26,854
1036471,Sacred Heart Primary School,31-51 OLDPARK AVENUE,BT14 6HH,info@sacredheartboys.belfast.ni.sch.uk,Primary school,54.61602,-5.9482,18.22,133
2032721,Sacred Heart Primary School,6 LETFERN AVENUE,BT78 1LA,info@sacredheartps.omagh.ni.sch.uk,Primary school,54.53765,-7.29507,19.76,83
2036259,Sacred Heart Primary School,10 TRENCH ROAD,BT47 2DT,info@sacredheart.derry.ni.sch.uk,Primary school,54.98409,-7.30668,24.63,394
4036133,Sacred Heart Primary School,27 MAIN STREET,BT33 0LU,info@sacredheartps.newcastle.ni.sch.uk,Primary school,54.26102,-5.84167,14.5,58
5036136,Sacred Heart Primary School,TULLYODONNELL ROAD,BT70 3JE,info@rock.dungannon.ni.sch.uk,Primary school,54.59874,-6.83405,17.33,101
4CA0626,Safe 'n' Sound Day Nursery,43 Crabtree Road,BT24 8RH,,VP Pre-schools,54.38171,-5.86721,,0
4210063,Saintfield High School,21 COMBER ROAD,BT24 7BB,info@saintfield.saintfield.ni.sch.uk,Secondary (non-grammar) school,54.46407,-5.8293,15.95,370
5066578,Saints & Scholars Int Primary School,31 KILLUNEY PARK,BT61 9HG,info@saintsandscholars.armagh.ni.sch.uk,Primary school,54.35209,-6.62925,22.97,208
1116160,Sandbrook Nursery School,WELLWOOD AVENUE,BT4 1NG,info@sandbrookns.belfast.ni.sch.uk,Nursery school,54.60526,-5.88067,20.8,0
3BB0619,Sandelford Pre-School (Special School),4 Rugby Avenue,BT52 1JL,,VP Pre-schools,55.12131,-6.6546,,0
3316512,Sandelford Special School,4 RUGBY AVENUE,BT52 1JL,info@sandelfordss.coleraine.ni.sch.uk,Special school,55.12131,-6.6546,6.49,0
4BB0474,Saul Cross Community Playgroup,38 St Patrick's Road,BT30 7JQ,,VP Pre-schools,54.35036,-5.64959,,0
5011664,Scarva Primary School,80 MAIN STREET,BT63 6NS,info@scarvaps.scarva.ni.sch.uk,Primary school,54.32905,-6.36189,17.05,75
1046641,Scoil An Droichid,22 COOKE STREET,BT7 2EP,info@scoilandroichid.belfast.ni.sch.uk,Primary school,54.58844,-5.92313,16.35,128
4046600,Scoil na Fuiseoige,40 GARDENMORE ROAD,BT17 0DF,info@scoilnafuiseoigetwinbrook.belfast.ni.sch.uk,Primary school,54.55122,-6.02458,17.16,127
5AA0190,Scotwell House Playgroup,Scotwell House,BT60 4DJ,scotwell@hotmail.co.uk,VP Pre-schools,54.34428,-6.66809,,0
5046137,Seagoe Primary School,83 SEAGOE ROAD,BT63 5HS,info@seagoe.portadown.ni.sch.uk,Primary school,54.4356,-6.42459,24.41,294
5136629,Seaview Nursery School,61 GT. GEORGE'S ST,BT34 3NF,info@seaviewns.warrenpoint.ni.sch.uk,Nursery school,54.09871,-6.2521,26,0
1010266,Seaview Primary School,SEAVIEW DRIVE,BT15 3NB,info@seaview.belfast.ni.sch.uk,Primary school,54.62653,-5.92859,23.29,385
3030899,Seaview Primary School,11 NEW ROAD,BT44 0AA,info@seaviewps.glenarm.ni.sch.uk,Primary school,54.96798,-5.95215,14.29,33
3AB0124,See-Saw Playgroup,MOSSIDE COMMUNITY CENTRE -,BT53 8QU,,VP Pre-schools,55.1545,-6.4067,,0
4BB0495,Seymour Hill Pre-School Playgroup,c/o Seymour Hill PS,BT17 9QX,,VP Pre-schools,54.5421,-6.01069,,0
4010882,Seymour Hill Primary School,2C HAZEL AVENUE,BT17 9QX,info@seymourhillps.lisburn.ni.sch.uk,Primary school,54.5421,-6.01069,18.47,229
1110038,Shaftesbury Nursery School,23-25 PERCY STREET,BT13 2HS,info@shaftesburyns.belfast.ni.sch.uk,Nursery school,54.60278,-5.94472,26,0
4260281,Shimna Integrated College,THE LAWNFIELD,BT33 0HD,info@shimna.newcastle.ni.sch.uk,Secondary (non-grammar) school,54.20286,-5.89506,14.35,597
3016005,Silverstream Primary School,MOYARD GARDENS,BT38 8XD,info@silverstreamps.carrickfergus.ni.sch.uk,Primary school,54.69297,-5.86837,21.36,115
2016442,Sion Mills Primary School,WEST VIEW TERRACE,BT82 9HP,info@sionmills.strabane.ni.sch.uk,Primary school,54.78338,-7.47484,21.55,217
3056231,Six Mile Integrated Primary School,RATHENRAW ESTATE STILES WAY,BT41 2TA,info@sixmileips.antrim.ni.sch.uk,Primary school,54.72098,-6.18896,15.33,85
3260289,Slemish College,147A LARNE ROAD,BT42 3HA,info@slemish.ballymena.ni.sch.uk,Secondary (non-grammar) school,54.85403,-6.26578,14.64,756
3AB0138,Slievegallion Community Pre-School,62C Longfield Road,BT45 5LS,,VP Pre-schools,54.76564,-6.70372,,0
2AB0457,Smallfry Community Playgroup,Killyshambally,BT94 4RY,,VP Pre-schools,54.29603,-7.46728,,0
4016123,Spa Primary School,59 BALLYMAGLAVE ROAD,BT24 8QB,info@spaps.ballynahinch.ni.sch.uk,Primary school,54.3758,-5.89704,23.68,180
3260303,Sperrin Integrated College,39 POUND ROAD,BT45 6NR,info@sperrin.magherafelt.ni.sch.uk,Secondary (non-grammar) school,54.75807,-6.59415,14.6,492
5316523,Sperrinview Special School,8 COALISLAND ROAD,BT71 6FA,info@sperrinview.dungannon.ni.sch.uk,Special school,54.51637,-6.76294,5.45,0
3066613,Spires Integrated Primary School,84 MONEYMORE ROAD,BT45 6HH,info@spiresips.mfelt.ni.sch.uk,Primary school,54.74288,-6.61951,21.86,188
1010221,Springfield Primary School,425 SPRINGFIELD ROAD,BT12 7DJ,info@springfield.belfast.ni.sch.uk,Primary school,54.60137,-5.96919,20.71,174
1BB0531,Springfield Primary School Playgroup,C/O Springfield Primary School,BT12 7DJ,smenabney205@c2kni.net,VP Pre-schools,54.60137,-5.96919,,0
1BB0018,Springhill Playgroup,Springhill Primary School,BT13 3NH,spaul594@yahoo.co.uk,VP Pre-schools,54.60382,-5.98094,,0
1010307,Springhill Primary School,247 BALLYGOMARTIN ROAD,BT13 3NH,info@springhill.belfast.ni.sch.uk,Primary school,54.60382,-5.98094,18.38,147
2AA0348,Squirrels Montessori Nursery,29 Rossorry Church Road,BT74 7HB,,VP Pre-schools,54.34729,-7.65294,,0
2230166,St Aidan's High School,138 MAIN STREET DERRYLIN,BT92 9LD,info@staidans.derrylin.ni.sch.uk,Secondary (non-grammar) school,54.19203,-7.56409,12.28,178
2033708,St Aidan's Primary School Magilligan,552 SEACOAST ROAD,BT49 0LL,info@staidansps.limavady.ni.sch.uk,Primary school,55.152,-6.91155,17.67,53
4033306,St Aloysius Primary School,7 BALLINDERRY ROAD,BT28 1TB,info@staloysiusps.lisburn.ni.sch.uk,Primary school,54.5099,-6.06617,21.31,401
1030868,St Anne's Primary School,50 KINGSWAY,BT10 0NE,info@stannes.belfast.ni.sch.uk,Primary school,54.55381,-5.99555,24.81,841
2036069,St Anne's Primary School,32-40 UPPER NASSAU STREET,BT48 0EY,info@stannes.derry.ni.sch.uk,Primary school,55.0048,-7.33421,23.6,472
3030898,St Anne's Primary School,3 RESERVOIR ROAD,BT44 9JE,info@stannesps.ballymena.ni.sch.uk,Primary school,55.03016,-6.29374,16,64
4033008,St Anne's Primary School,9 MILLISLE ROAD,BT21 0HY,info@stannesps.donaghadee.ni.sch.uk,Primary school,54.63901,-5.53505,15.31,45
3136332,St Anthony's Nursery School,43 FAIRWAY,BT40 2BG,info@stanthonysns.larne.ni.sch.uk,Nursery school,54.85452,-5.83799,26,0
3030900,St Anthony's Primary School,43 FAIRWAY,BT40 2BG,info@stanthonysps.larne.ni.sch.uk,Primary school,54.85433,-5.83634,20.45,90
5031184,St Anthony's Primary School,TULLYGALLY ROAD,BT65 5BL,info@stanthonys.craigavon.ni.sch.uk,Primary school,54.44968,-6.36825,21.25,602
3230308,St Benedict's College,5 CRAIGSTOWN ROAD,BT41 2AF,info@stbenedicts.randalstown.ni.sch.uk,Secondary (non-grammar) school,54.75103,-6.30919,16.82,370
1136228,St Bernadette's Nursery School,GLENALINA ROAD,BT12 7JG,info@stbernadettesns.belfast.ni.sch.uk,Nursery school,54.59523,-5.98322,26,0
2AB0040,St Bernadette's Playgroup,65A ROSSKEEN PARK,BT48 0RH,,VP Pre-schools,55.01532,-7.35268,,0
4AB0381,St Bernard's Pre-School Education Centre,St Bernard's Parish c/o St Bernard's Primary School -,BT6 0LS,,VP Pre-schools,54.56775,-5.90043,,0
3AB0258,St Bernard's Pre-School Playgroup,165 Antrim Road,BT36 7QR,,VP Pre-schools,54.66771,-5.95106,,0
3033313,St Bernard's Primary School,112A ELMFIELD ROAD,BT36 6DW,info@stbernardsps.newtownabbey.ni.sch.uk,Primary school,54.6688,-5.95051,22.9,558
4031676,St Bernard's Primary School,WYNCHURCH WALK,BT6 0JS,info@stbernardsps.belfast.ni.sch.uk,Primary school,54.56775,-5.90043,26.38,422
5036101,St Brendan's Primary School,MOYRAVERTY WEST ROAD,BT65 5HS,info@stbrendans.craigavon.ni.sch.uk,Primary school,54.43765,-6.36474,23.79,418
1036075,St Bride's Primary School,36 DERRYVOLGIE AVENUE,BT9 6FP,info@stbrides.belfast.ni.sch.uk,Primary school,54.57904,-5.94375,23.22,821
5031169,St Brigid's (Drumilly) Primary School,17 CARROWBANE ROAD,BT35 7QL,info@stbrigids.drumilly.ni.sch.uk,Primary school,54.18888,-6.45204,20.74,111
2230225,St Brigid's College,1 GLENGALLIAGH ROAD,BT48 8DU,info@stbrigids.derry.ni.sch.uk,Secondary (non-grammar) school,55.0262,-7.31815,12.58,561
2BB0593,St Brigid's Pre-School Centre,4 Lenagh Road,BT79 7PT,,VP Pre-schools,54.64771,-7.16971,,0
2032573,St Brigid's Primary School,114 ALTAMUSKIN ROAD,BT79 9JA,info@stbrigidspsalt.omagh.ni.sch.uk,Primary school,54.52682,-7.08683,16.75,67
2032662,St Brigid's Primary School,4 LENAGH ROAD,BT79 7PT,info@stbrigidsps.mountfield.ni.sch.uk,Primary school,54.64771,-7.16971,17.22,31
2032685,St Brigid's Primary School,223 GLENELLY ROAD,BT79 8LR,info@stbrigidsp.cranagh.ni.sch.uk,Primary school,54.7802,-7.08464,13.5,27
3030890,St Brigid's Primary School,6 LOUGHILL ROAD,BT44 9LT,info@stbrigidsps.ballymena.ni.sch.uk,Primary school,55.0004,-6.33195,16.52,76
3033326,St Brigid's Primary School,CASTLE STREET,BT53 6JX,info@stbrigidsps.ballymoney.ni.sch.uk,Primary school,55.06628,-6.51997,19.44,210
3036103,St Brigid's Primary School,52 MAYOGALL ROAD,BT45 8PG,info@stbrigidsps.magherafelt.ni.sch.uk,Primary school,54.83832,-6.59365,22.73,256
3036679,St Brigid's Primary School,Broughshane Road,BT43 7DZ,info@stbrigidsprimaryschool.ballymena.ni.sch.uk,Primary school,54.87637,-6.26731,22.61,407
4033040,St Brigid's Primary School,22 RATHKELTAIR ROAD,BT30 6NL,info@stbrigidps.downpatrick.ni.sch.uk,Primary school,54.33426,-5.70599,22.67,272
5031163,St Brigid's Primary School,63 GLASSDRUMMAN ROAD,BT35 9DY,info@stbrigids.glassdrummond.ni.sch.uk,Primary school,54.07189,-6.53882,20.11,181
5032698,St Brigid's Primary School,166 MOUNTJOY ROAD,BT71 5DY,info@stbrigids.mountjoy.ni.sch.uk,Primary school,54.55822,-6.60396,23,138
5032727,St Brigid's Primary School,11 DUNROE ROAD,BT77 0ED,info@stbrigids.augher.ni.sch.uk,Primary school,54.4273,-7.13017,7.48,19
3032018,St Brigid's Primary School Tirkane,130 TIRKANE ROAD,BT46 5NH,info@stbrigidsps.maghera.ni.sch.uk,Primary school,54.8688,-6.70965,21.18,191
2036142,St Brigid's Primary/NurserySchool,3 GLENGALLIAGH ROAD,BT48 8BZ,info@stbrigidsps.derry.ni.sch.uk,Primary school,55.02538,-7.31698,18.42,309
5036673,St Bronagh's Primary School,42 Church Street,BT34 3DY,info@stbronaghsps.rostrevor.ni.sch.uk,Primary school,54.10236,-6.19663,22.34,179
2032694,St Caireall's Primary School,36 TRIENAMONGAN ROAD,BT81 7XF,info@stcaireallsps.castlederg.ni.sch.uk,Primary school,54.68901,-7.70325,18.7,84
2032263,St Canice's Primary School,34 GLENEDRA ROAD,BT47 4TW,info@stcanicesps.derry.ni.sch.uk,Primary school,54.88649,-7.00871,21.48,116
2036045,St Canice's Primary School,11 CURRAGH ROAD,BT47 4SE,info@stcanices.dungiven.ni.sch.uk,Primary school,54.92231,-6.91358,22.5,288
4031485,St Caolan's Primary School,7 DARRAGH CROSS,BT24 7EQ,info@darraghcrossps.ballynahinch.ni.sch.uk,Primary school,54.44963,-5.76392,17,68
5230218,St Catherine's College,2A CONVENT ROAD,BT60 4BG,info@stcatherines.armagh.ni.sch.uk,Secondary (non-grammar) school,54.34902,-6.66229,15.18,1130
2036703,St Catherine???s Primary School,c/o Parochial House,BT82 8HD,info@stcatherinesps.strabane.ni.sch.uk,Primary school,54.82404,-7.4588,20.65,415
2230188,St Cecilia's College,Bligh's Lane,BT48 9PJ,info@stcecilias.derry.ni.sch.uk,Secondary (non-grammar) school,54.99457,-7.33658,13.89,821
5230152,St Ciaran's High School,15 TULLYBRYAN ROAD,BT70 2LY,info@stciarans.ballygawley.ni.sch.uk,Secondary (non-grammar) school,54.45721,-7.03899,16.27,803
3036268,St Ciaran's Primary School,132 LAYDE ROAD,BT44 0NJ,info@stciaransps.Cushendun.ni.sch.uk,Primary school,55.11983,-6.0554,17.67,53
1036630,St Clare's Primary School,323 CUPAR STREET,BT13 2SE,info@stclares.belfast.ni.sch.uk,Primary school,54.60102,-5.96065,17.57,433
5036634,St Clare???s Abbey Primary School,1 High Street,BT34 1HD,info@stclaresabbey.newry.ni.sch.uk,Primary school,54.1743,-6.3349,21.17,453
4230223,St Colm's High School,70 SUMMERHILL DRIVE,BT17 0BT,info@stcolms.lisburn.ni.sch.uk,Secondary (non-grammar) school,54.55187,-6.01714,11.86,446
3230132,St Colm's High School Draperstown,2 MAGHERAFELT ROAD,BT45 7AF,info@stcolmshigh.draperstown.ni.sch.uk,Secondary (non-grammar) school,54.79393,-6.77963,14.23,431
5036400,St Colman's (Bann) Primary School,10 DRUMNASCAMPH ROAD,BT63 6DU,info@stcolmans.bann.ni.sch.uk,Primary school,54.3815,-6.30964,22.69,118
5420062,St Colman's College,46 ARMAGH ROAD,BT35 6PP,info@stcolmans.newry.ni.sch.uk,Secondary (grammar) school,54.19006,-6.34165,16.49,897
4230161,St Colman's High and Sixth Form College,52 CROSSGAR ROAD,BT24 8XR,info@stcolmans.ballynahinch.ni.sch.uk,Secondary (non-grammar) school,54.40432,-5.88687,16.54,430
4033307,St Colman's Primary School,109 QUEENSWAY,BT27 4QS,info@stcolmansps.lisburn.ni.sch.uk,Primary school,54.53151,-6.03163,23.06,392
5036000,St Colman's Primary School,47 GALLOWS STREET,BT25 1BD,info@stcolmans.dromore.ni.sch.uk,Primary school,54.41681,-6.14795,22.39,103
5036545,St Colman's Primary School,5 GREENCASTLE ROAD,BT34 4DE,info@stcolmanskilkeel.kilkeel.ni.sch.uk,Primary school,54.05908,-6.01154,20.9,209
5036572,St Colman's Primary School,43 SHEEPTOWN ROAD,BT34 2LA,info@stcolmans.saval.ni.sch.uk,Primary school,54.19565,-6.28944,19.31,197
5036061,St Colman's Primary School and All Saints' Nursery Unit,24 MONTEITH ROAD,BT32 5LS,info@stcolmans.annaclone.ni.sch.uk,Primary school,54.30073,-6.19176,21.56,177
4230102,St Colmcille's High School,1 KILLYLEAGH ROAD,BT30 9EY,info@stcolmcilles.crossgar.ni.sch.uk,Secondary (non-grammar) school,54.39752,-5.75314,16.75,285
4136211,St Colmcille's Nursery School,30 KILLOUGH ROAD,BT30 6PX,info@stcolmcillesns.downpatrick.ni.sch.uk,Nursery school,54.31731,-5.71271,26,0
1AB0306,St Colmcille's Pre-School Playgroup,191 Upper Newtownards Road,BT4 3JB,lorrainedoherty@btconnect.com,VP Pre-schools,54.59506,-5.87128,,0
2032737,St Colmcille's Primary School,2 Rockstown Road,BT79 9BE,info@stcolmcilles.carrickmore.ni.sch.uk,Primary school,54.59959,-7.0463,21.4,295
2036082,St Colmcille's Primary School,23 MAIN STREET,BT47 4HR,info@stcolmcilles.claudy.ni.sch.uk,Primary school,54.91198,-7.16025,21.09,232
3036666,St Colmcille's Primary School,Cullybackey Road,BT43 5DG,info@stcolmcillesps.ballymena.ni.sch.uk,Primary school,54.86972,-6.28553,27.28,371
4036182,St Colmcille's Primary School,68A GLEBETOWN DRIVE,BT30 6PZ,info@stcolmcillesps.downpatrick.ni.sch.uk,Primary school,54.31652,-5.71334,16,208
3BB0369,St Colum's Pre-School Centre,St Colum's Primary School,BT55 7EF,,VP Pre-schools,55.18304,-6.7151,,0
3032231,St Colum's Primary School,24 LEVER ROAD,BT55 7EF,info@stcolumsps.portstewart.ni.sch.uk,Primary school,55.18304,-6.7151,20.88,167
2420054,St Columb's College,23 BUNCRANA ROAD,BT48 8NH,info@stcolumbs.derry.ni.sch.uk,Secondary (grammar) school,55.02236,-7.32945,17.59,1508
3032205,St Columb's Primary School (Cullion),70 INISCARN ROAD,BT45 5NQ,info@stcolumbsps.magherafelt.ni.sch.uk,Primary school,54.76419,-6.71301,20,88
4230067,St Columba's College,2 BALLYPHILIP ROAD,BT22 1RB,info@stcolumbas.portaferry.ni.sch.uk,Secondary (non-grammar) school,54.38492,-5.53872,11.27,187
3BB0595,St Columba's Pre-School Group,3 Agivey Road,BT51 5UT,,VP Pre-schools,54.95633,-6.5553,,0
2032730,St Columba's Primary School,86 BELLSPARK ROAD,BT82 9QY,info@stcolumbasps.strabane.ni.sch.uk,Primary school,54.79443,-7.53581,23.83,139
2036247,St Columba's Primary School,2 DUNCASTLE ROAD,BT47 2QS,info@stcolumbasps.newbuildings.ni.sch.uk,Primary school,54.95392,-7.35292,16.5,64
3032202,St Columba's Primary School,79 BOLERAN ROAD,BT51 5EQ,info@stcolumbasps.garvagh.ni.sch.uk,Primary school,55.01986,-6.73757,17.41,92
3032268,St Columba's Primary School,84 SIXTOWNS ROAD,BT45 7BB,info@stcolumbasps.magherafelt.ni.sch.uk,Primary school,54.7814,-6.80878,23.29,163
3036147,St Columba's Primary School,3 AGIVEY ROAD,BT51 5UT,info@stcolumbasps.coleraine.ni.sch.uk,Primary school,54.95633,-6.5553,20.19,220
5230059,St Columban's College,127 NEWCASTLE ROAD,BT34 4NL,info@stcolumbans.kilkeel.ni.sch.uk,Secondary (non-grammar) school,54.07188,-5.98351,9.29,156
2036213,St Columban's Primary School,66 LATTONE ROAD,BT93 5DS,info@stcolumbansps.belcoo.ni.sch.uk,Primary school,54.30113,-7.87828,20.4,101
4230107,St Columbanus' College,BALLYMACONNELL ROAD,BT20 5PU,info@stcolumbanuscollege.bangor.ni.sch.uk,Secondary (non-grammar) school,54.6615,-5.63351,15.74,617
3AB0351,St Comgall's Playgroup,c/o Parochial House,BT41 4HP,,VP Pre-schools,54.71951,-6.22006,,0
4AB0166,St Comgall's Pre-School Education Centre,St Comgall's Parish Centre,BT20 3DS,,VP Pre-schools,54.65787,-5.68085,,0
3030832,St Comgall's Primary School,1 BALLYMENA ROAD,BT41 4JG,info@stcomgallsps.antrim.ni.sch.uk,Primary school,54.72059,-6.22022,22.4,529
4036146,St Comgall's Primary School,25 BRUNSWICK ROAD,BT20 3DS,info@stcomgallps.bangor.ni.sch.uk,Primary school,54.6578,-5.67959,23,299
2230190,St Comhghall's College,38 NUTFIELD ROAD DERRYREE,BT92 0LA,info@stcomhghalls.lisnaskea.ni.sch.uk,Secondary (non-grammar) school,54.26235,-7.45166,15.03,490
2036116,St Conor's Primary School,109 BROOKMOUNT ROAD,BT78 5JQ,info@stconors.omagh.ni.sch.uk,Primary school,54.59689,-7.32642,24.12,384
5036583,St Dallan's Primary School,20 CLONALLAN ROAD,BT34 3RP,info@stdallans.warrenpoint.ni.sch.uk,Primary school,54.10482,-6.24806,23.15,500
2036258,St Davog's Primary School,14 BOA ISLAND ROAD,BT93 3FJ,info@stdavogsps.belleek.ni.sch.uk,Primary school,54.48318,-8.08849,19.2,96
1420029,St Dominic's High School,135-137 FALLS ROAD,BT12 6AE,info@stdominics.belfast.ni.sch.uk,Secondary (grammar) school,54.59488,-5.95796,16.13,1031
2036186,St Dympna's Primary School,2 Old Creamery Road,BT78 3GA,info@stdympnasps.dromore.ni.sch.uk,Primary school,54.51352,-7.45627,29.14,204
2036473,St Eithne's Primary School,26 SPRINGTOWN ROAD,BT48 0LT,info@eithnes.primary.ni.sch.uk,Primary school,55.01276,-7.35004,21.05,400
3032271,St Eoghan's Primary School,51 MONEYNEANY ROAD,BT45 7DZ,info@steoghansps.magherafelt.ni.sch.uk,Primary school,54.82113,-6.83949,20.33,122
2230180,St Eugene's College,ROSLEA,BT92 7AF,info@steugenes.roslea.ni.sch.uk,Secondary (non-grammar) school,54.2378,-7.17175,5.33,56
2032682,St Eugene's Primary School,58 FYFIN ROAD,BT82 9JH,info@steugenesps.strabane.ni.sch.uk,Primary school,54.75862,-7.45828,17.94,59
2032688,St Eugene's Primary School,40 DUNBREEN VIEW ROAD,BT79 7SN,info@steugenesps.omagh.ni.sch.uk,Primary school,54.6769,-7.28328,8.44,20
2036555,St Eugene's Primary School,4 FRANCIS STREET,BT48 7DS,info@steugenes.derry.ni.sch.uk,Primary school,54.99954,-7.32778,20.13,135
2230099,St Fanchea's College,21Coa Road,BT74 4AD,info@stfancheascollege.enniskillen.ni.sch.uk,Secondary (non-grammar) school,54.35386,-7.61516,14.61,336
4BB0469,St Finian's Playgroup,St Finian's Primary School,BT23 7AD,,VP Pre-schools,54.59556,-5.69356,,0
4033017,St Finian's Primary School,37-39 ANN STREET,BT23 7AD,info@stfiniansps.newtownards.ni.sch.uk,Primary school,54.59556,-5.69356,18.25,146
2036149,St Finlough's Primary School Sistrakeel,138 TARTNAKELLY ROAD,BT49 9JL,info@stfinloughsps.sistrakeel.ni.sch.uk,Primary school,55.01337,-7.04104,22.94,78
5036610,St Francis of Assisi Primary School,24 MADDEN ROW,BT60 3RW,info@stfrancisofassisi.keady.ni.sch.uk,Primary school,54.24985,-6.70633,17.79,151
5036633,St Francis Primary School,28 FRANCIS ST,BT66 6DN,info@stfrancis.lurgan.ni.sch.uk,Primary school,54.46337,-6.35047,22.47,748
4031531,St Francis' Primary School,18 CHAPEL LANE,BT31 9PQ,info@drumaroadps.castlewellan.ni.sch.uk,Primary school,54.32275,-5.89818,16.07,90
5036457,St Francis' Primary School Aghderg,24 DONARD VIEW ROAD,BT32 3LN,info@stfrancis.aghaderg.ni.sch.uk,Primary school,54.31765,-6.30917,22.5,171
1230155,St Genevieve's High School,TRENCH HOUSE,BT11 9JP,info@stgenevieves.belfast.ni.sch.uk,Secondary (non-grammar) school,54.57212,-5.99776,14.86,1070
1336548,St Gerard???s School and Support Services,Blacks Road,BT10 0NB,info@stgerardsrc.belfast.ni.sch.uk,Special school,54.59429,-5.99308,7.54,0
4036642,St Ita's Primary School,4 ALDERWOOD HILL,BT8 6YY,info@stitasps.belfast.ni.sch.uk,Primary school,54.54288,-5.91211,24.25,575
5031167,St James' Primary School,164 DERRYRAINE ROAD,BT60 1QF,info@stjames.drumatee.ni.sch.uk,Primary school,54.31689,-6.53202,5.59,19
3036100,St James' Primary School and Nursery Unit,17 KING'S WALK,BT37 0AS,info@stjamesps.newtownabbey.ni.sch.uk,Primary school,54.67732,-5.90658,21,242
5036121,St Jarlath's Primary School,89 CHARLEMONT ROAD,BT71 7HH,info@stjarlaths.dungannon.ni.sch.uk,Primary school,54.41417,-6.69982,19.3,166
3032246,St John Bosco Primary School Ballynease,5 CULBANE ROAD,BT44 8NZ,info@stjohnboscops.ballymena.ni.sch.uk,Primary school,54.84575,-6.49011,23.2,116
5136217,St John the Baptist Nursery,GARVAGHY ROAD,BT62 1EB,info@stjohnthebaptistns.portadown.ni.sch.uk,Nursery school,54.43471,-6.46151,27,0
1036688,St John the Baptist Primary School,FINAGHY ROAD NORTH,BT11 9EH,info@stjohnthebaptistps.belfast.ni.sch.uk,Primary school,54.57142,-5.99509,23.56,410
2031887,St John the Baptist Primary School,38 ROSCOR LANE,BT93 3DP,info@stjohnbaptist.enniskillen.ni.sch.uk,Primary school,54.46596,-8.03744,13.82,47
5036173,St John the Baptist Primary School,250 GARVAGHY ROAD,BT62 1EB,info@stjohnthebaptist.portadown.ni.sch.uk,Primary school,54.43443,-6.46104,22.17,439
2230148,St John's Business and Enterprise College,37 OMAGH ROAD,BT78 3AL,info@stjohns.dromore.ni.sch.uk,Secondary (non-grammar) school,54.51477,-7.45333,11.96,177
5030958,St John's Eglish(1) Primary School,57 EGLISH ROAD,BT62 1NL,info@eglish.portadown.ni.sch.uk,Primary school,54.46532,-6.56308,17,51
1BB0003,St John's Pre-School Playgroup,St Kevins Primary School,BT12 6EN,stjohns.playgroup@hotmail.co.uk,VP Pre-schools,54.58662,-5.97152,,0
2036032,St John's Primary School,BLIGH'S LANE,BT48 9PJ,info@stjohns.derry.ni.sch.uk,Primary school,54.99473,-7.33789,19.21,557
3032274,St John's Primary School,30 MONEYSHARVIN ROAD,BT46 5PY,info@stjohnsps.swatragh.ni.sch.uk,Primary school,54.90528,-6.66688,23.4,213
3033317,St John's Primary School,49 BAY ROAD,BT44 0HJ,info@stjohnsps.carnlough.ni.sch.uk,Primary school,54.9896,-5.9935,17.95,144
3033709,St John's Primary School,HAZELBANK ROAD,BT51 3DX,info@stjohnsps.coleraine.ni.sch.uk,Primary school,55.13121,-6.68102,17.44,157
5031669,St John's Primary School,42A CASTLE HILL,BT63 6HH,info@stjohns.gilford.ni.sch.uk,Primary school,54.37578,-6.35734,19.69,126
5032715,St John's Primary School,15 BENBURB ROAD,BT71 7SQ,info@stjohns.moy.ni.sch.uk,Primary school,54.446,-6.69548,21.9,182
5032729,St John's Primary School,56 REENADERRY ROAD,BT71 4QN,info@stjohns.kingsisland.ni.sch.uk,Primary school,54.51708,-6.63021,20.56,111
2036187,St John's Primary School Dernaflaw,432 FOREGLEN ROAD,BT47 4PN,info@stjohnsps.dernaflaw.ni.sch.uk,Primary school,54.92491,-6.96855,21.2,137
5036622,St Johns Primary School,14 RATHTRILLICK ROAD,BT60 4HT,info@stjohns.middletown.ni.sch.uk,Primary school,54.28763,-6.83473,22.33,166
5230056,St Joseph's Boys' High School,20 ARMAGH ROAD,BT35 6DH,info@stjosephhigh.newry.ni.sch.uk,Secondary (non-grammar) school,54.18471,-6.34034,13.7,348
2230131,St Joseph's Boys' School,WESTWAY,BT48 9NX,info@stjosephs.derry.ni.sch.uk,Secondary (non-grammar) school,55.00051,-7.33714,14.37,868
1230275,St Joseph's College,518-572 RAVENHILL ROAD,BT6 0BY,info@stjosephs.belfast.ni.sch.uk,Secondary (non-grammar) school,54.57675,-5.91167,14.66,629
2230100,St Joseph's College,CHANTERHILL ROAD,BT74 6DE,info@stjosephs.enniskillen.ni.sch.uk,Secondary (non-grammar) school,54.35073,-7.62271,14.09,262
3230110,St Joseph's College,BERESFORD AVENUE,BT52 1HJ,info@stjosephshigh.coleraine.ni.sch.uk,Secondary (non-grammar) school,55.12558,-6.66462,11.02,280
5230192,St Joseph's College,29 SCHOOL LANE,BT71 4NW,info@stjosephs.coalisland.ni.sch.uk,Secondary (non-grammar) school,54.54554,-6.70539,11.55,308
2AB0045,St Joseph's Community Playgroup,Church Grounds,BT48 8NU,,VP Pre-schools,55.03162,-7.32669,,0
5031340,St Joseph's Convent Primary School,19 EDWARD STREET,BT35 6AN,info@stjosephsconventps.newry.ni.sch.uk,Primary school,54.17853,-6.33999,20.32,440
5420073,St Joseph's Grammar School,58 CASTLECAULFIELD ROAD,BT70 3HE,info@stjosephs.donaghmore.ni.sch.uk,Secondary (grammar) school,54.5305,-6.81744,16.58,707
5230167,St Joseph's High School,77 DUNDALK ROAD,BT35 9HL,info@stjosephs.crossmaglen.ni.sch.uk,Secondary (non-grammar) school,54.07194,-6.60305,15.07,612
3136183,St Joseph's Nursery School,52 GREYSTONE ROAD,BT41 1JZ,info@stjosephsns.antrim.ni.sch.uk,Nursery school,54.71524,-6.18898,27.19,0
1036246,St Joseph's Primary School,31A HOLLAND DRIVE,BT5 6EH,info@stjosephsps.belfast.ni.sch.uk,Primary school,54.59463,-5.8713,25.13,377
1036621,St Joseph's Primary School,CULLINGTREE ROAD,BT12 4LD,info@stjosephsslatestreet.belfast.ni.sch.uk,Primary school,54.59586,-5.94669,14.47,217
2032683,St Joseph's Primary School,82 MOORLOUGH ROAD,BT82 0ER,info@stjosephs.glenmornan.ni.sch.uk,Primary school,54.84304,-7.35979,22.5,36
2032700,St Joseph's Primary School,32 OMAGH ROAD,BT78 4QY,info@stjosephsps.drumquin.ni.sch.uk,Primary school,54.61112,-7.48872,31.43,132
2036070,St Joseph's Primary School,12 ARDVARNEY ROAD - EDERNEY,BT93 0HA,info@stjosephsps.ederney.ni.sch.uk,Primary school,54.53092,-7.65931,19.92,128
2036107,St Joseph's Primary School,400 DERNAWILT ROAD - DONAGH,BT92 5BE,info@stjosephsps.lisnaskea.ni.sch.uk,Primary school,54.217,-7.38884,20.68,91
3036026,St Joseph's Primary School,15 GLENAVY ROAD,BT29 4LA,info@stjosephsps.crumlin.ni.sch.uk,Primary school,54.61612,-6.22492,22.65,564
3036050,St Joseph's Primary School,54 GREYSTONE ROAD,BT41 1JZ,info@stjosephsps.antrim.ni.sch.uk,Primary school,54.71558,-6.18751,20.14,282
3036243,St Joseph's Primary School,40 BRIDGE ROAD,BT44 9EF,info@stjosephsps.dunloy.ni.sch.uk,Primary school,55.00743,-6.41316,24.01,274
4030897,St Joseph's Primary School,42 CASTLE STREET,BT27 4XE,info@stjosephsps.lisburn.ni.sch.uk,Primary school,54.51253,-6.03709,30.38,388
4031231,St Joseph's Primary School,45 BALLYCRUTTLE ROAD,BT30 7EL,info@stjosephspsardglass.downpatrick.ni.sch.uk,Primary school,54.31163,-5.63317,17.47,51
4031550,St Joseph's Primary School,4 BALLYNAHINCH ROAD,BT30 9HS,info@stjosephspscrossgar.downpatrick.ni.sch.uk,Primary school,54.39775,-5.76448,18.75,82
4031660,St Joseph's Primary School,8 KNOCKBRACKEN DRIVE,BT8 8EX,info@stjosephscarryduff.belfast.ni.sch.uk,Primary school,54.5305,-5.89321,24.78,411
4031663,St Joseph's Primary School,25 CARNACAVILLE ROAD,BT33 0JS,info@stjosephsps.newcastle.ni.sch.uk,Primary school,54.2369,-5.9034,20.56,176
4033005,St Joseph's Primary School,31 DOWNPATRICK ROAD,BT30 7LZ,info@stjosephspsstrangford.downpatrick.ni.sch.uk,Primary school,54.36913,-5.55844,16.33,49
4033037,St Joseph's Primary School,24 TYRELLA ROAD,BT30 8DF,info@stjosephsps24tyrellard.downpatrick.ni.sch.uk,Primary school,54.27164,-5.78738,17.79,75
4036016,St Joseph's Primary School,58-62 MAIN STREET,BT30 7QD,info@stjosephspskillough.downpatrick.ni.sch.uk,Primary school,54.25558,-5.64655,16.76,57
5031138,St Joseph's Primary School,50 FARNALOY ROAD,BT60 3LR,info@stjosephs.madden.ni.sch.uk,Primary school,54.28889,-6.74165,22.33,122
5031188,St Joseph's Primary School,1 SEAFIN ROAD,BT35 8LA,info@stjo.meigh.ni.sch.uk,Primary school,54.12651,-6.39001,20.1,201
5031325,St Joseph's Primary School,18 BALLYMARTIN VILLAGE,BT34 4PA,info@stjosephs.ballymartin.ni.sch.uk,Primary school,54.08125,-5.95243,18.64,82
5036033,St Joseph's Primary School,7 LURGYLEA ROAD,BT70 2NX,info@stjosephs.galbally.ni.sch.uk,Primary school,54.53933,-6.89018,21.3,213
5036108,St Joseph's Primary School,13 CLOUGHFIN ROAD,BT80 9JB,info@stjosephs.killeenan.ni.sch.uk,Primary school,54.64647,-6.87851,17.34,111
5036110,St Joseph's Primary School,28 CONVENT HILL,BT35 7AW,info@stjosephs.bessbrook.ni.sch.uk,Primary school,54.1957,-6.40344,19.84,307
5036463,St Joseph's Primary School,14 DERRYCOURTNEY ROAD,BT68 4UF,info@stjosephs.caledon.ni.sch.uk,Primary school,54.35001,-6.83894,18.56,44
5036675,St Josephs and St James Primary School,34 Chapel Street,BT35 6SY,info@stjandjps.poyntzpass.ni.sch.uk,Primary school,54.296,-6.37569,19.86,139
1036565,St Kevin's Primary School,446 FALLS ROAD,BT12 6EN,info@stkevins.belfast.ni.sch.uk,Primary school,54.58672,-5.97071,20.14,564
4136481,St Kieran's Nursery School,BELL STEEL ROAD,BT17 0PB,info@stkieransns.belfast.ni.sch.uk,Nursery school,54.56142,-6.03053,27.5,0
4036480,St Kieran's Primary School,9 BELL STEEL ROAD,BT17 0PB,info@stkieransps.belfast.ni.sch.uk,Primary school,54.56084,-6.03081,16.09,386
3230310,ST KILLIAN'S COLLEGE,25 TOWER ROAD,BT44 0JS,info@stkillians.carnlough.ni.sch.uk,Secondary (non-grammar) school,55.04297,-5.96771,15.09,836
5036130,St Laurence O'Toole's Primary School,31 Main Street,BT35 7PH,info@stlaurences.belleeks.ni.sch.uk,Primary school,54.18419,-6.48856,14.75,56
2032684,St Lawrence's Primary School,7 TATTYMOYLE ROAD,BT78 2NR,info@stlawrences.fintona.ni.sch.uk,Primary school,54.49441,-7.32463,21.67,234
3420010,St Louis Grammar School,CULLYBACKEY ROAD,BT43 5DW,info@stlouisgrammar.ballymena.ni.sch.uk,Secondary (grammar) school,54.86802,-6.28264,16.89,1037
5420045,St Louis Grammar School,151 NEWRY ROAD,BT34 4EU,info@stlouisgrammar.kilkeel.ni.sch.uk,Secondary (grammar) school,54.06504,-6.03107,14.8,588
3AB0089,St Louis Playgroup,St Joseph's Early Years Centre,BT43 6JE,,VP Pre-schools,54.88073,-6.28079,,0
1230053,St Louise's Comprehensive College,468 FALLS ROAD,BT12 6EN,info@stlouises.belfast.ni.sch.uk,Secondary (non-grammar) school,54.58603,-5.96892,14.78,1474
4136368,St Luke's Nursery School,GLASVEY DRIVE,BT17 0DB,info@stlukesns.belfast.ni.sch.uk,Nursery school,54.55639,-6.02252,26,0
2036659,St Macartan's Primary School,Lacky Road Tattynageeragh,BT92 7NQ,info@stmacartans.enniskillen.ni.sch.uk,Primary school,54.22698,-7.25647,20.17,121
4033007,St Macartan's Primary School,44 LOUGHINISLAND ROAD,BT30 8PZ,info@stmacartansps.downpatrick.ni.sch.uk,Primary school,54.33823,-5.82051,24.13,193
5032624,St Macartan's Primary School,4 BALLAGH ROAD,BT76 0HE,info@stmaccartans.clogher.ni.sch.uk,Primary school,54.40866,-7.17254,19,57
3030848,St Macnisius' Primary School,30 CHAPELTOWN ROAD,BT41 2LD,info@tannaghmoreps.antrim.ni.sch.uk,Primary school,54.7844,-6.23912,16,31
3036139,St Macnissi's Primary School,12A CHRISTINE ROAD OFF MANSE ROAD,BT36 6UE,info@stmacnissisps.newtownabbey.ni.sch.uk,Primary school,54.69245,-5.94113,22.11,199
3036575,St Macnissi's Primary School,23/25 AGNEW ST,BT40 1RF,info@stmacnissisps.larne.ni.sch.uk,Primary school,54.85254,-5.81443,27.82,217
3BB0246,St MacNissis Pre-school Playgroup,12A Christine Road,BT36 6UE,,VP Pre-schools,54.69245,-5.94113,,0
1420030,St Malachy's College,36 ANTRIM ROAD,BT15 2AE,info@stmalachys.belfast.ni.sch.uk,Secondary (grammar) school,54.60903,-5.93835,18.72,1057
4230211,St Malachy's High School,3 DUBLIN ROAD,BT31 9AG,info@stmalachys.castlewellan.ni.sch.uk,Secondary (non-grammar) school,54.25833,-5.95006,13.78,959
5136342,St Malachy's Nursery School,11 MARTIN'S LANE,BT35 8PJ,info@stmalachysns.newry.ni.sch.uk,Nursery school,54.17569,-6.35647,23.64,0
3AB0096,St Malachy's Playgroup,Pastoral Centre,BT52 1LR,,VP Pre-schools,55.1274,-6.66597,,0
1036466,St Malachy's Primary School,1 ELIZA STREET,BT7 2BJ,info@stmalachysps.belfast.ni.sch.uk,Primary school,54.59325,-5.92344,19.47,319
3032297,St Malachy's Primary School,BERESFORD AVENUE,BT52 1HJ,info@stmalachysps.coleraine.ni.sch.uk,Primary school,55.12656,-6.66474,23.47,222
4031350,St Malachy's Primary School,8 KILCLIEF ROAD,BT30 7PA,info@stmalachyspskilclief.downpatrick.ni.sch.uk,Primary school,54.32596,-5.56197,19.74,75
4036036,St Malachy's Primary School,4 BALLYMONEY ROAD,BT34 5HU,info@stmalachyspskilcoo.newry.ni.sch.uk,Primary school,54.23225,-6.02974,21.43,133
4036148,St Malachy's Primary School,197 CLANDEBOYE ROAD,BT19 1AA,info@stmalachysps.bangor.ni.sch.uk,Primary school,54.64679,-5.68745,24.11,355
4036454,St Malachy's Primary School,33 LOWER SQUARE,BT31 9DN,info@stmalachysps.castlewellan.ni.sch.uk,Primary school,54.25775,-5.9459,20.06,333
5030975,St Malachy's Primary School,74 BALLYMOYER ROAD,BT60 2LA,info@stmalachys.ballymoyer.ni.sch.uk,Primary school,54.21797,-6.52207,16.5,66
5031133,St Malachy's Primary School,CHAPEL LANE,BT61 7EG,info@stmalachys.armagh.ni.sch.uk,Primary school,54.3462,-6.65572,21.2,212
5036057,St Malachy's Primary School,75 MONEYHAW ROAD,BT45 7XR,info@stmalachys.drummullan.ni.sch.uk,Primary school,54.64999,-6.66279,16.67,48
5036064,St Malachy's Primary School,3 CHAPEL ROAD,BT35 7HF,info@stmalachys.camlough.ni.sch.uk,Primary school,54.1811,-6.41411,22.7,259
5036433,St Malachy's Primary School,11 MARTINS LANE,BT35 8PJ,info@stmalachys.carnagat.ni.sch.uk,Primary school,54.17524,-6.35565,20.49,278
5032306,St Malachy's Primary School Glencull,107 OMAGH ROAD,BT70 2DB,info@stmalachys.glencull.ni.sch.uk,Primary school,54.47546,-7.07378,17.86,50
1136353,St Maria Goretti Nursery School,WHITEROCK GARDENS,BT12 7PS,info@stmariagorettins.belfast.ni.sch.uk,Nursery school,54.59127,-5.97678,26,0
5230135,St Mark's High School,UPPER DROMORE ROAD,BT34 3PN,info@stmarks.warrenpoint.ni.sch.uk,Secondary (non-grammar) school,54.1097,-6.25416,16.12,851
1136106,St Martin's Nursery School,MONAGH LINK,BT11 8EF,info@stmartinsns.belfast.ni.sch.uk,Nursery school,54.58787,-5.99347,26,0
2036105,St Martin's Primary School,32 BROLLAGH ROAD - GARRISON,BT93 4AE,info@stmartinsps.garrison.ni.sch.uk,Primary school,54.41978,-8.08894,17.03,92
4033002,St Mary's Aughlisnafin,5 AUGHLISNAFIN ROAD,BT31 9JP,info@aughlisnafinps.castlewellan.ni.sch.uk,Primary school,54.27573,-5.89401,19.27,151
1420021,St Mary's Christian Brothers' Grammar School,147A GLEN ROAD,BT11 8NR,info@stmarys.belfast.ni.sch.uk,Secondary (grammar) school,54.58253,-6.00084,16.73,1186
2230081,St Mary's College,35 Northland Road,BT48 0AN,info@stmarys.derry.ni.sch.uk,Secondary (non-grammar) school,55.01218,-7.32904,14.39,865
2230109,St Mary's College,40 CHURCH STREET LISNARICK ROAD,BT94 1EL,info@stmarys.irvinestown.ni.sch.uk,Secondary (non-grammar) school,54.47134,-7.63789,9.64,139
3230142,St Mary's College,230 MOYAGALL ROAD,BT44 8NN,info@stmarys.clady.ni.sch.uk,Secondary (non-grammar) school,54.86866,-6.51452,13.97,309
2036458,St Mary's Gortnaghey Primary School,85 GORTNAGHEY ROAD,BT47 4PZ,info@gortnagheyps.dungiven.ni.sch.uk,Primary school,54.95736,-6.97192,19,57
3420080,St Mary's Grammar School,3 CASTLEDAWSON ROAD,BT45 6BE,info@stmarys.magherafelt.ni.sch.uk,Secondary (grammar) school,54.75753,-6.60164,17.25,1073
2230085,St Mary's High School,160 BROLLAGH ROAD BROLLAGH,BT93 3AH,info@stmarys.belleek.ni.sch.uk,Secondary (non-grammar) school,54.45647,-8.08934,7.06,89
4230023,St Mary's High School,23 ARDGLASS ROAD,BT30 6JQ,info@stmaryshs.downpatrick.ni.sch.uk,Secondary (non-grammar) school,54.32335,-5.70816,15.07,407
5230108,St Mary's High School,UPPER CHAPEL STREET,BT34 2DT,info@stmarys.newry.ni.sch.uk,Secondary (non-grammar) school,54.16567,-6.32932,15.75,570
2230077,St Mary's Limavady,IRISH GREEN STREET,BT49 9AN,info@stmarys.limavady.ni.sch.uk,Secondary (non-grammar) school,55.04733,-6.9467,14.94,607
1136229,St Mary's Nursery School,822 SHORE ROAD,BT36 7DG,info@stmarysns.belfast.ni.sch.uk,Nursery school,54.64514,-5.92135,26.5,0
3BB0247,St Mary's on the Hill Playgroup,142 Carnmoney Road,BT36 6JU,,VP Pre-schools,54.67868,-5.95411,,0
5BB0557,St Mary's Playgroup,St Mary's Primary School,BT32 3AS,traceymonaghan5@hotmail.com,VP Pre-schools,54.35096,-6.27736,,0
2BB0346,St Mary's Pre-School Centre,St Mary's Primary School,BT82 0BE,,VP Pre-schools,54.88028,-7.41426,,0
1036388,St Mary's Primary School,DIVIS STREET,BT12 4AL,info@stmarysps.belfast.ni.sch.uk,Primary school,54.59959,-5.93879,16.75,134
2031869,St Mary's Primary School,NEWTOWNBUTLER,BT92 8JJ,info@stmarysntb.newtownbutler.ni.sch.uk,Primary school,54.17908,-7.36001,22.88,183
2031876,St Mary's Primary School,18 TEIGES HILL ROAD,BT94 4LR,info@stmarysps.brookeborough.ni.sch.uk,Primary school,54.31796,-7.39996,19.62,51
2031884,St Mary's Primary School,120 TIRAVALLY ROAD,BT92 3ET,info@stmaryspskl.enniskillen.ni.sch.uk,Primary school,54.25457,-7.69133,15,74
2031890,St Mary's Primary School,70 ARNEY ROAD - MULLYMESKER,BT92 2AB,info@stmarysps.mullymesker.ni.sch.uk,Primary school,54.29041,-7.67166,19.39,128
2031895,St Mary's Primary School,COOLCRANNELL,BT94 4RG,info@stmarysps.maguiresbridge.ni.sch.uk,Primary school,54.28987,-7.46359,19.4,92
2032294,St Mary's Primary School,70 MONADORE ROAD,BT47 4DP,info@stmarysps.park.ni.sch.uk,Primary school,54.86635,-7.08083,19.64,165
2032607,St Mary's Primary School,122 OLD MOUNTFIELD ROAD,BT79 7LT,info@stmaryps.killyclogher.ni.sch.uk,Primary school,54.60943,-7.2669,24.13,373
2036095,St Mary's Primary School,20 CLOUGHCOR ROAD,BT82 0BE,info@stmarys.strabane.ni.sch.uk,Primary school,54.88028,-7.41426,23.5,188
2036181,St Mary's Primary School,121 TEEMORE ROAD,BT92 9QF,info@stmarysps.teemore.ni.sch.uk,Primary school,54.1528,-7.52905,19.77,87
2036356,St Mary's Primary School,28 EDENMORE LANE,BT94 3HU,info@stmarysps.tempo.ni.sch.uk,Primary school,54.38311,-7.46201,23.4,117
2036696,St Mary's Primary School,43 Melmount Road,BT82 9EF,info@stmarysmelmount.strabane.ni.sch.uk,Primary school,54.81498,-7.47177,24.27,622
3030588,St Mary's Primary School,CHURCHQUARTER RATHLIN ISLAND,BT54 6RT,info@stmarysps.ballycastle.ni.sch.uk,Primary school,55.29468,-6.19783,9,9
3030621,St Mary's Primary School,16 BALLYMENA ROAD,BT44 8BL,info@stmarysps.portglenone.ni.sch.uk,Primary school,54.87174,-6.47008,22.7,201
3030894,St Mary's Primary School,MIDDLEPARK ROAD GORTACLEA,BT44 0SQ,info@stmarysps.cushendall.ni.sch.uk,Primary school,55.0766,-6.06104,17.56,132
3032273,St Mary's Primary School,24 MAGHERAFELT ROAD,BT45 7AF,info@stmarysps.draperstown.ni.sch.uk,Primary school,54.79358,-6.77793,24.89,224
3032281,St Mary's Primary School,25 MULLAGHBOY ROAD,BT45 8HX,info@stmarys.bellaghy.ni.sch.uk,Primary school,54.81006,-6.51982,20.69,186
4031662,St Mary's Primary School,KILLINCHY STREET,BT23 5AP,info@stmaryspscomber.newtownards.ni.sch.uk,Primary school,54.54745,-5.74206,16.25,63
4031672,St Mary's Primary School,27 OLD GRAND JURY ROAD,BT24 7JD,info@stmaryspssaintfield.ballynahinch.ni.sch.uk,Primary school,54.45311,-5.8265,15.25,61
4031673,St Mary's Primary School,82 STRANGFORD ROAD,BT30 7SS,info@stmaryspsdunsford.ardglass.ni.sch.uk,Primary school,54.28675,-5.58379,21.5,86
4033036,St Mary's Primary School,SLOANE CRESCENT,BT30 9RB,info@stmaryspskillyleagh.downpatrick.ni.sch.uk,Primary school,54.40489,-5.6512,17.78,96
4036428,St Mary's Primary School,3 CHURCH GROVE,BT22 2SU,info@stmaryskircubbin.newtownards.ni.sch.uk,Primary school,54.48559,-5.53723,20.54,152
4036530,St Mary's Primary School,53 WINDMILL HILL,BT22 1RH,info@stmarysps.portaferry.ni.sch.uk,Primary school,54.37702,-5.53684,22.72,173
4036635,St Mary's Primary School,31A Elmgrove Park,BT33 0BA,info@stmarysps.newcastle.ni.sch.uk,Primary school,54.21707,-5.89371,24.04,335
5031164,St Mary's Primary School,84 MAGHERY ROAD,BT71 6PA,info@stmarys.maghery.ni.sch.uk,Primary school,54.5091,-6.57176,17.27,76
5031172,St Mary's Primary School,123 GRANEMORE ROAD,BT60 2NJ,info@stmarys.granemore.ni.sch.uk,Primary school,54.25343,-6.64969,23.95,178
5031695,St Mary's Primary School,3 SCHOOL ROAD,BT34 1SX,info@stmarys.barr.ni.sch.uk,Primary school,54.23032,-6.34946,22.1,137
5032592,St Mary's Primary School,16 LISNAGOWAN ROAD,BT70 3LH,info@stmarys.lisbuoy.ni.sch.uk,Primary school,54.5466,-6.78351,19,76
5032692,St Mary's Primary School,22 WEST STREET,BT71 5HT,info@stmarys.stewartstown.ni.sch.uk,Primary school,54.57723,-6.67893,16.72,96
5032699,St Mary's Primary School,40 DUNNAMORE ROAD,BT80 9NT,info@stmarys.dunamore.ni.sch.uk,Primary school,54.67125,-6.93561,23.88,191
5032734,St Mary's Primary School,10 WHITES ROAD,BT70 3AN,info@stmarys.cabra.ni.sch.uk,Primary school,54.49029,-6.92242,22.73,200
5032735,St Mary's Primary School,1 WHITEBRIDGE ROAD,BT70 2JH,info@stmarys.ballygawley.ni.sch.uk,Primary school,54.46323,-7.02727,18.75,105
5032736,St Mary's Primary School,70 COLEBROOKE ROAD,BT75 0SA,info@stmarys.fivemiletown.ni.sch.uk,Primary school,54.37397,-7.32481,11.15,29
5033004,St Mary's Primary School,DOWNPATRICK STREET,BT34 5DQ,info@stmarys.rathfriland.ni.sch.uk,Primary school,54.23513,-6.15782,18.13,108
5036001,St Mary's Primary School,277 GLASSDRUMMAN ROAD,BT34 4QN,info@stmarys.glasdrumman.ni.sch.uk,Primary school,54.12941,-5.89611,14.44,46
5036006,St Mary's Primary School,20A DERRYMORE ROAD,BT67 0BW,info@stmarys.derrymore.ni.sch.uk,Primary school,54.53623,-6.32849,22,165
5036009,St Mary's Primary School,191 DERRYTRASNA ROAD,BT66 6NR,info@stmarys.derrytrasna.ni.sch.uk,Primary school,54.50277,-6.4667,20.6,103
5036043,St Mary's Primary School,REILLY PARK,BT32 3DJ,info@stmarys.banbridge.ni.sch.uk,Primary school,54.35096,-6.27736,23.06,460
5036087,St Mary's Primary School,MAPHONER ROAD,BT35 9TP,info@stmarys.mullaghbawn.ni.sch.uk,Primary school,54.11025,-6.4774,24.23,289
5036118,St Mary's Primary School,5 CAVANAKEERAN ROAD,BT70 2RD,info@stmarys.pomeroy.ni.sch.uk,Primary school,54.59518,-6.92918,21.25,170
5036363,St Mary's Primary School Aughnacloy,CALEDON ROAD,BT69 6AJ,info@stmarys.aughnacloy.ni.sch.uk,Primary school,54.41157,-6.97397,24.75,99
3036039,St Mary's Primary School (Glenview),47 GLEN ROAD,BT46 5AP,info@stmarysps.maghera.ni.sch.uk,Primary school,54.8466,-6.6784,18.46,240
1036048,St Mary's Star of the Sea Primary School,730-760 SHORE ROAD,BT15 4HL,info@stmarysstarofthesea.belfast.ni.sch.uk,Primary school,54.64153,-5.92493,18,126
3036046,St Mary's-on-the-Hill Primary School,142 CARNMONEY ROAD,BT36 6JU,info@stmarys.newtownabbey.ni.sch.uk,Primary school,54.67803,-5.95478,23.5,363
5033011,St Marys Primary School Dechomet,6 CLOSKELT ROAD,BT31 9QE,info@dechomet.ballyward.ni.sch.uk,Primary school,54.30277,-6.06921,20,78
1036505,St Matthew's Primary School,SEAFORDE STREET,BT5 4EW,info@stmatthewsps.belfast.ni.sch.uk,Primary school,54.5988,-5.90714,19.98,232
2032286,St Matthew's Primary School,296 DRUMSURN ROAD,BT49 0PX,info@stmatthewsps.drumsurn.ni.sch.uk,Primary school,54.99015,-6.8643,22,88
2032612,St Matthew's Primary School,70 RAROGAN ROAD,BT70 2DY,info@stmatthewsps.ballygawley.ni.sch.uk,Primary school,54.48818,-7.13653,20,36
5031653,St Matthew's Primary School Magheramayo,27 DOLLYS BRAE,BT31 9AZ,info@magheramayo.castlewellan.ni.sch.uk,Primary school,54.27049,-6.01243,18.81,79
2420043,St Michael's College,CHANTERHILL ROAD,BT74 6DE,info@stmichaels.enniskillen.ni.sch.uk,Secondary (grammar) school,54.35068,-7.61913,15.47,721
1136315,St Michael's Nursery School,2 STEWARTSTOWN ROAD,BT11 9JP,info@stmichaelsns.belfast.ni.sch.uk,Nursery school,54.57261,-5.9966,26.5,0
1036140,St Michael's Primary School,514 RAVENHILL ROAD,BT6 0BW,info@stmichaels.belfast.ni.sch.uk,Primary school,54.57864,-5.91184,24.21,414
5031070,St Michael's Primary School,86 DUNDALK STREET,BT35 0PB,info@stmichaels.nth.ni.sch.uk,Primary school,54.18749,-6.57514,18.82,64
5031166,St Michael's Primary School,62 CLADYMORE ROAD,BT60 2EP,info@stmichaels.clady.ni.sch.uk,Primary school,54.25687,-6.56248,16,48
5033006,St Michael's Primary School (Finnis),145 RATHFRILAND ROAD FINNIS,BT25 2EE,info@stmichaels.finnis.ni.sch.uk,Primary school,54.36118,-6.02361,19.75,68
2036090,St Naile's Primary School,KINAWLEY,BT92 4FJ,info@stnailesps.enniskillen.ni.sch.uk,Primary school,54.22325,-7.6459,18.7,101
3036563,St Nicholas' Primary School,MINORCA PLACE,BT38 8AU,info@stnicholasps.carrickfergus.ni.sch.uk,Primary school,54.71399,-5.81492,19.67,177
4036113,St Nicholas' Primary School,21 DOWNPATRICK ROAD,BT30 7SF,info@stnicholasps.downpatrick.ni.sch.uk,Primary school,54.26514,-5.61375,23.2,116
2031880,St Ninnidh's Primary School,DERRYLIN,BT92 9JZ,info@stninnidhsps.derrylin.ni.sch.uk,Primary school,54.19923,-7.57299,18.61,134
3030719,St Olcan's Primary School,202 GLENSHESK ROAD,BT53 8RJ,info@stolcansps.armoy.ni.sch.uk,Primary school,55.13147,-6.325,18.5,74
1136383,St Oliver Plunkett Nursery School,GLEN ROAD,BT11 8AY,info@stoliverplunkettns.belfast.ni.sch.uk,Nursery school,54.57589,-6.01836,26,0
1BB0322,St Oliver Plunkett Pre-School Playgroup,St Oliver Plunkett PS,BT11 8AY,stoliverplunkettpreschool@outlook.com,VP Pre-schools,54.57589,-6.01652,,0
1036602,St Oliver Plunkett Primary School,452 GLEN ROAD,BT11 8AY,info@stoliverplunkett.belfast.ni.sch.uk,Primary school,54.57589,-6.01652,18.37,632
2036143,St Oliver Plunkett Primary School,PARKMORE DRIVE,BT47 6XA,info@stoliverplunkett.derry.ni.sch.uk,Primary school,55.02999,-7.26977,20.7,207
2036291,St Oliver Plunkett Primary School,9 LARAGH ROAD,BT79 0TH,info@stoliverplunkettps.beragh.ni.sch.uk,Primary school,54.54752,-7.16592,20.87,83
5030972,St Oliver Plunkett Primary School,11 SCHOOL ROAD,BT35 9SN,info@stoliverplunketts.forkhill.ni.sch.uk,Primary school,54.08283,-6.45284,24.48,142
5036180,St Oliver Plunkett Primary School,14 BALLYHEGAN ROAD,BT61 8PX,info@stoliverplunketts.ballyhegan.ni.sch.uk,Primary school,54.40814,-6.56368,22.4,112
3033303,St Oliver Plunkett's Primary School,MAIN STREET,BT41 3NJ,info@stoliverplunkett.toomebridge.ni.sch.uk,Primary school,54.75111,-6.46048,21,184
5031135,St Oliver's Primary School (Carrickrovaddy),2 ROXBOROUGH ROAD,BT35 0QJ,info@stolivers.carrickrovaddy.ni.sch.uk,Primary school,54.16016,-6.5412,17.06,58
3036559,St Patrick's & St Brigid's Primary School,19 MOYLE ROAD,BT54 6AN,info@stpandstbps.ballycastle.ni.sch.uk,Primary school,55.20341,-6.25189,22.92,309
3032285,St Patrick's & St Joseph's Primary School,5 CHURCHTOWN ROAD,BT51 5BA,info@stpandstjps.garvagh.ni.sch.uk,Primary school,54.97608,-6.69379,22.44,184
4230165,St Patrick's Academy,BALLINDERRY ROAD,BT28 1TD,info@stpats.lisburn.ni.sch.uk,Secondary (non-grammar) school,54.50991,-6.06737,13.61,449
5420304,St Patrick's Academy,37 KILLYMEAL ROAD,BT71 6DS,info@stpatricksacademy.dungannon.ni.sch.uk,Secondary (grammar) school,54.50805,-6.75833,15.15,1368
3230234,St Patrick's Co-ed Comprehensive College,25 COLERAINE ROAD,BT46 5BN,info@stpatricks.maghera.ni.sch.uk,Secondary (non-grammar) school,54.84627,-6.67008,15.6,1310
1230026,St Patrick's College,619-629 ANTRIM ROAD,BT15 4DZ,info@stpatrickscoll.belfast.ni.sch.uk,Secondary (non-grammar) school,54.63127,-5.93687,13.93,674
2230144,St Patrick's College,9 CURRAGH ROAD,BT47 4SE,info@stpatricks.dungiven.ni.sch.uk,Secondary (non-grammar) school,54.92192,-6.91543,13.58,258
3230084,St Patrick's College,BROUGHSHANE ROAD,BT43 7DZ,info@stpatricks.ballymena.ni.sch.uk,Secondary (non-grammar) school,54.87485,-6.26493,14.18,522
5230076,St Patrick's College,38 SCARVA ROAD,BT32 3AS,info@stpatricks.banbridge.ni.sch.uk,Secondary (non-grammar) school,54.3499,-6.28268,13.47,299
5230293,St Patrick's College,41 Killymeal Road,BT71 6LJ,info@stpatrickscollege.dungannon.ni.sch.uk,Secondary (non-grammar) school,54.50953,-6.75483,12.61,623
4420088,St Patrick's Grammar School,109 SAUL STREET,BT30 6NJ,info@stpatricks.downpatrick.ni.sch.uk,Secondary (grammar) school,54.32991,-5.70803,15.37,707
5420268,St Patrick's Grammar School,CATHEDRAL ROAD,BT61 7QZ,info@stpatricks.armagh.ni.sch.uk,Secondary (grammar) school,54.35368,-6.65825,15.43,972
5230187,St Patrick's High School,MIDDLETOWN ROAD,BT60 3TH,info@stpatricks.keady.ni.sch.uk,Secondary (non-grammar) school,54.25237,-6.71223,16.73,1027
2031828,St Patrick's Primary School,MULLINASKEA,BT94 3AD,info@mullanaskea.enniskillen.ni.sch.uk,Primary school,54.36087,-7.5609,23.95,206
2031874,St Patrick's Primary School,TONAGH ROAD,BT93 6LR,info@stpatricksps.derrygonnelly.ni.sch.uk,Primary school,54.42054,-7.82127,21,125
2032676,St Patrick's Primary School,90 MAIN STREET,BT79 8PU,info@stpatricksps.gortin.ni.sch.uk,Primary school,54.71749,-7.22829,18.41,81
2032705,St Patrick's Primary School,171 NEWTOWNSAVILLE ROAD,BT78 2RJ,info@stpatrickseskra.omagh.ni.sch.uk,Primary school,54.48305,-7.20258,21.36,94
2036008,St Patrick's Primary School,59 DUBLIN STREET,BT78 4AQ,info@stpatricksps.newtownstewart.ni.sch.uk,Primary school,54.71451,-7.3805,19.83,119
2036094,St Patrick's Primary School,73 CASTLEFIN ROAD,BT81 7EE,info@stpatricks.castlederg.ni.sch.uk,Primary school,54.71659,-7.59551,23.23,263
2036387,St Patrick's Primary School,49 LISNARAGH ROAD PLUMBRIDGE ROAD,BT82 0QN,info@stpatricksduna.strabane.ni.sch.uk,Primary school,54.87055,-7.30932,14.58,35
3030547,St Patrick's Primary School,109 CAUSEWAY STREET,BT56 8JE,info@stpatricksps.portrush.ni.sch.uk,Primary school,55.2031,-6.64697,15.43,71
3033320,St Patrick's Primary School,8 GORTAHAR ROAD,BT44 8SB,info@stpatricksps.ballymena.ni.sch.uk,Primary school,54.96034,-6.48302,22,194
3036131,St Patrick's Primary School,244 GARRON ROAD,BT44 0RB,info@stpatricks.glenariff.ni.sch.uk,Primary school,55.05861,-6.05731,21.35,111
3036154,St Patrick's Primary School,SHELTON ROAD,BT44 9JR,info@stpatricksps.loughguile.ni.sch.uk,Primary school,55.06468,-6.30514,23.5,167
4031526,St Patrick's Primary School,16 ST PATRICK'S ROAD,BT30 7JQ,info@stpatrickspssaul.downpatrick.ni.sch.uk,Primary school,54.34773,-5.66226,23.75,190
4031628,St Patrick's Primary School,CHURCH VIEW,BT18 9LN,info@stpatsps.holywood.ni.sch.uk,Primary school,54.63807,-5.83749,25.98,291
4031665,St Patrick's Primary School,38A MAIN STREET,BT24 8DN,info@stpatricksps.ballynahinch.ni.sch.uk,Primary school,54.40418,-5.89514,20.75,223
4031671,St Patrick's Primary School,30 BURRENREAGH ROAD,BT31 9HH,info@stpatrickspsburrenreagh.castlewellan.ni.sch.uk,Primary school,54.24091,-5.95142,17.25,65
4033028,St Patrick's Primary School,10 BALLYGALGET ROAD,BT22 1NE,info@stpatrickpsballygalget.newtownards.ni.sch.uk,Primary school,54.40678,-5.49668,22.41,114
4036455,St Patrick's Primary School,LEGAMADDY,BT30 8AR,info@legamaddyps.downpatrick.ni.sch.uk,Primary school,54.27929,-5.71044,22,154
5031148,St Patrick's Primary School,54 CARRAN ROAD,BT35 9JL,info@stpatricksps.crossmaglen.ni.sch.uk,Primary school,54.08124,-6.61043,26.8,350
5031158,St Patrick's Primary School,20 BALLINLARE GARDENS,BT35 6EX,info@stpatricks.newry.ni.sch.uk,Primary school,54.18582,-6.34912,22.55,380
5031168,St Patrick's Primary School,14 DERRYMACASH ROAD,BT66 6LG,info@stpatricks.aghacommon.ni.sch.uk,Primary school,54.46903,-6.38552,24.3,217
5031183,St Patrick's Primary School,LOUGHGALL ROAD,BT61 7NN,info@stpatricksps.armagh.ni.sch.uk,Primary school,54.3587,-6.6595,23,483
5031667,St Patrick's Primary School,12 BALLYMACBREDAN ROAD,BT67 0QU,info@stpatricks.magheralin.ni.sch.uk,Primary school,54.46418,-6.2764,20.76,135
5031697,St Patrick's Primary School,9 CHAPEL HILL,BT34 2EX,info@stpatricks.mayobridge.ni.sch.uk,Primary school,54.17833,-6.2331,26.43,351
5032678,St Patrick's Primary School,16 POMEROY ROAD,BT70 3HG,info@stpatricksps.donaghmore.ni.sch.uk,Primary school,54.53269,-6.81686,20.9,209
5032697,St Patrick's Primary School,32 AUGHADARRAGH ROAD,BT77 0ET,info@stpatricks.aughadarragh.ni.sch.uk,Primary school,54.3946,-7.10663,17.25,69
5032717,St Patrick's Primary School,75 MULLANAHOE ROAD,BT71 5AU,info@stpatricks.ardboe.ni.sch.uk,Primary school,54.61188,-6.5585,26.56,239
5033025,St Patrick's Primary School,13 CASTLEWELLAN ROAD,BT34 5UY,info@stpatricks.hilltown.ni.sch.uk,Primary school,54.19755,-6.13223,22.75,314
5033324,St Patrick's Primary School,3 AGHALEE ROAD,BT67 0AR,info@stpatricks.derrynaseer.ni.sch.uk,Primary school,54.50933,-6.29315,19.77,87
5036047,St Patrick's Primary School,10 ANNAGHMORE ROAD,BT71 4QZ,info@stpatricksps.coalisland.ni.sch.uk,Primary school,54.53181,-6.66665,22.18,244
5036099,St Patrick's Primary School,TULLYNAVALL ROAD,BT35 0PZ,info@stpatricksps.cullyhanna.ni.sch.uk,Primary school,54.1282,-6.58384,22.5,190
5036120,St Patrick's Primary School,9 SPRINGHILL ROAD,BT45 7NG,info@stpatricks.moneymore.ni.sch.uk,Primary school,54.68965,-6.66537,18.08,79
5036605,St Patrick's Primary School,40 LONGSTONE HILL,BT34 5BT,info@stpatricks.drumgreenagh.ni.sch.uk,Primary school,54.23087,-6.21078,17.08,82
3036292,St Patrick's Primary School (Glen),161 GLEN ROAD,BT46 5JN,info@glenps.maghera.ni.sch.uk,Primary school,54.84561,-6.7091,22.32,183
5036504,St Patrick's Primary School Dungannon,KILLYMAN ROAD,BT71 6DE,info@stpatricksps.dungannon.ni.sch.uk,Primary school,54.5038,-6.76155,21.91,758
5036031,St Patrick's Primary School Loup,119 RUSKEY ROAD,BT45 7TS,info@stpatricks.loup.ni.sch.uk,Primary school,54.69873,-6.59611,25,175
2230122,St Patricks & St Brigids College,55 MAIN STREET,BT47 4HR,info@spbcollege.claudy.ni.sch.uk,Secondary (non-grammar) school,54.91176,-7.15633,16.16,517
1036698,St Patricks Primary School,3 Churchill Street,BT15 2BP,info@stpatricksps.belfast.ni.sch.uk,Primary school,54.61011,-5.93486,17.57,534
2036581,St Patricks Primary School,1A COLLON LANE,BT48 8QG,info@stpatricks.derry.ni.sch.uk,Primary school,55.02018,-7.32088,23.83,858
3230151,St Paul's College,11 BANN ROAD,BT51 5RU,info@stpauls.kilrea.ni.sch.uk,Secondary (non-grammar) school,54.95395,-6.54681,14.36,290
5230157,St Paul's High School,108 CAMLOUGH ROAD,BT35 7EE,info@stpauls.bessbrook.ni.sch.uk,Secondary (non-grammar) school,54.1835,-6.39037,15.96,1599
1036624,St Paul's Primary School,34-36 MICA DRIVE,BT12 7NN,info@stpaulsmica.belfast.ni.sch.uk,Primary school,54.59581,-5.96901,18.59,264
2031898,St Paul's Primary School,LISNARICK ROAD,BT94 1EY,info@stpauls.irvinestown.ni.sch.uk,Primary school,54.47297,-7.64167,20.3,202
3036683,St Paul's Primary School,32 Ballynafie Road,BT42 1LF,info@stpaulsps.ahoghill.ni.sch.uk,Primary school,54.84698,-6.37315,19.72,71
5033003,St Paul's Primary School,35 BALLYKEEL ROAD,BT34 5RH,info@stpauls.cabra.ni.sch.uk,Primary school,54.22216,-6.08878,20.5,82
2036227,St Paul's Primary School Slievemore,1 MOSS ROAD,BT48 8QZ,info@slievemore.derry.ni.sch.uk,Primary school,55.02635,-7.32638,16.2,135
2036085,St Peter's & St Paul's Primary School,296 FOREGLEN ROAD,BT47 4PJ,info@stpeterpaulps.dungiven.ni.sch.uk,Primary school,54.92959,-7.03141,14,42
1136340,St Peter's Nursery School,SERVIA STREET,BT12 4EJ,info@stpetersns.belfast.ni.sch.uk,Nursery school,54.59626,-5.94718,26,0
5BB0334,St Peter's Playgroup,90 Collegelands Road,BT71 6SW,saintpetersplaygroupcollegeland@hotmail.co.uk,VP Pre-schools,54.43648,-6.67106,,0
1036620,St Peter's Primary School,ROSS ROAD,BT12 4JD,info@stpeters.belfast.ni.sch.uk,Primary school,54.59771,-5.94968,18.06,307
2036097,St Peter's Primary School,415 LISNARAGH ROAD,BT79 8AF,info@stpeters.plumbridge.ni.sch.uk,Primary school,54.76799,-7.25346,20.75,83
5031176,St Peter's Primary School,66 DERRYMORE ROAD,BT35 7DN,info@stpetersps.cloughreagh.ni.sch.uk,Primary school,54.18953,-6.37751,24.93,321
5032703,St Peter's Primary School,24 ARDBOE ROAD,BT80 0HT,info@stpeters.moortown.ni.sch.uk,Primary school,54.62998,-6.51624,21.67,169
5036595,St Peter's Primary School,90 COLLEGELANDS RD,BT71 6SW,info@stpeters.collegelands.ni.sch.uk,Primary school,54.43648,-6.67106,27.88,145
3230168,St Pius X College,59 MONEYMORE ROAD,BT45 6HQ,info@stpiusx.magherafelt.ni.sch.uk,Secondary (non-grammar) school,54.74966,-6.61543,15.58,935
5420314,St Ronan's College,12 Cornakinnegar Road,BT67 9JW,info@stronanscollege.lurgan.ni.sch.uk,Secondary (grammar) school,54.47668,-6.32077,15.48,1423
2031901,St Ronan's Primary School,34 NUTFIELD ROAD,BT92 0LA,info@stronans.lisnaskea.ni.sch.uk,Primary school,54.26145,-7.45258,22.89,293
5036409,St Ronan's Primary School,ASHGROVE AVENUE,BT34 1PR,info@stronans.newry.ni.sch.uk,Primary school,54.1899,-6.32577,26,390
1230130,St Rose???s Dominican College,65 BEECHMOUNT AVENUE,BT12 7NA,info@stroses.belfast.ni.sch.uk,Secondary (non-grammar) school,54.59485,-5.96045,11.87,273
2036153,St Scire's Primary School,2 EFFERNAN ROAD,BT78 3RB,info@stsciresps.trillick.ni.sch.uk,Primary school,54.44814,-7.48792,19.43,107
1136314,St Teresa's Nursery School,24 BERNAGH GLEN,BT11 8HR,info@stteresasns.belfast.ni.sch.uk,Nursery school,54.5795,-5.98958,26,0
1036589,St Teresa's Primary School,GLEN ROAD,BT11 8BL,info@stteresas.belfast.ni.sch.uk,Primary school,54.58137,-5.99243,19.48,487
2032731,St Teresa's Primary School,166 LOUGHMACRORY ROAD,BT79 9LG,info@stteresasps.loughmacrory.ni.sch.uk,Primary school,54.62536,-7.10823,20.35,147
5031107,St Teresa's Primary School,60 TULLYHERRON ROAD,BT60 2UF,info@stteresas.tullyherron.ni.sch.uk,Primary school,54.2425,-6.47252,15.63,45
5031160,St Teresa's Primary School,36 TARRY LANE,BT67 9LQ,info@stteresas.lurgan.ni.sch.uk,Primary school,54.48215,-6.31734,23.63,189
2036459,St Theresa's Primary School,GARVAN ROAD,BT82 9NZ,info@sttheresasps.strabane.ni.sch.uk,Primary school,54.78744,-7.49733,20,100
4136606,St Therese Nursery School,ARDCAOIN AVENUE,BT17 0UN,info@sttheresens.belfast.ni.sch.uk,Nursery school,54.56005,-6.03595,29.5,0
1036132,St Therese of Lisieux Primary School,472 ANTRIM ROAD,BT15 5GF,info@stthereseoflisieux.belfast.ni.sch.uk,Primary school,54.62896,-5.93985,24.28,437
2036461,St Therese Primary School,HEATHER ROAD EAST,BT48 8NX,info@lenamore.derry.ni.sch.uk,Primary school,55.03247,-7.31828,18.89,359
2031868,St Tierney's Primary School,MULLAGHCONNOLLY,BT92 7JS,info@sttierneysps.roslea.ni.sch.uk,Primary school,54.24424,-7.1796,21.6,107
3032185,St Trea's Primary School,225 SHORE ROAD,BT45 6LL,info@sttreasps.magherafelt.ni.sch.uk,Primary school,54.73749,-6.52698,21.25,119
1BB0592,St Vincent de Paul Pre-School Playgroup,167 Ligoniel Road,BT14 8DP,stvdppreeschool@gmail.com,VP Pre-schools,54.62659,-5.98331,,0
1036042,St Vincent de Paul Primary School,165A LIGONIEL ROAD,BT14 8DP,info@stvincentdepaul.belfast.ni.sch.uk,Primary school,54.62659,-5.98331,16.79,236
1116157,Stanhope Street Nursery School,STANHOPE DRIVE,BT13 1BX,info@stanhopestreetns.belfast.ni.sch.uk,Nursery school,54.60562,-5.9349,26,0
2036084,Steelstown Voluntary Maintained Primary School,40 STEELSTOWN ROAD,BT48 8EX,info@steelstown.derry.ni.sch.uk,Primary school,55.02822,-7.30833,21.83,363
3116167,Steeple Nursery School,STEEPLE ROAD,BT41 1AF,info@steeplens.antrim.ni.sch.uk,Nursery school,54.72236,-6.21008,24,0
3CB0486,Stepping Stones Creche,Cavehill Building,BT52 1SA,,VP Pre-schools,55.14867,-6.67729,,0
1AB0425,Stepping Stones Playgroup,St Gerard's Hall,BT36 7PG,traceymcneill@hotmail.co.uk,VP Pre-schools,54.64725,-5.93623,,0
3AB0414,Stepping Stones Playgroup,Castle Community Centre,BT53 6JT,,VP Pre-schools,55.06594,-6.5186,,0
3BB0085,Stepping Stones Playgroup,130 Tirkane Road,BT46 5NH,,VP Pre-schools,54.8688,-6.70965,,0
3BB0522,Stepping Stones Playgroup,32 Ballynafie Road,BT42 1LF,,VP Pre-schools,54.84698,-6.37315,,0
5012643,Stewartstown Primary School,33 HILLHEAD,BT71 5HY,info@stewartstownps.stewartstown.ni.sch.uk,Primary school,54.57452,-6.67809,17.54,44
2410311,Strabane Academy,Milltown House,BT82 8NW,info@Strabaneacademy.strabane.ni.sch.uk,Secondary (grammar) school,54.81549,-7.45312,13.96,591
2012708,Strabane Controlled Primary School,43 DERRY ROAD,BT82 8DX,info@strabaneps.strabane.ni.sch.uk,Primary school,54.83418,-7.45862,23.29,246
3010570,Straid Primary School,3 IRISH HILL ROAD,BT39 9NQ,info@straidps.ballyclare.ni.sch.uk,Primary school,54.75627,-5.92554,18.5,74
2AB0036,Straidarran Community Playgroup,Straidarran Hall,BT47 4BT,,VP Pre-schools,54.89805,-7.09224,,0
3010804,Straidbilly Primary School,85 CARNBORE ROAD,BT53 8EE,info@straidbillyps.ballymoney.ni.sch.uk,Primary school,55.17371,-6.45506,17.94,113
3010879,Straidhavern Primary School,3 STRAIDHAVERN ROAD,BT29 4SN,info@straidhavernps.crumlin.ni.sch.uk,Primary school,54.64065,-6.15315,12.06,41
1010252,Strandtown Primary School,NORTH ROAD,BT4 3DJ,info@strandtown.belfast.ni.sch.uk,Primary school,54.59676,-5.87172,23.91,939
4260295,Strangford Integrated College,ABBEY ROAD,BT22 2GB,info@strangfordcollege.carrowdore.ni.sch.uk,Secondary (non-grammar) school,54.57908,-5.55185,16.18,576
1010324,Stranmillis Primary School,KNIGHTSBRIDGE PARK,BT9 5EH,info@stranmillis.belfast.ni.sch.uk,Primary school,54.56858,-5.93615,26.28,415
1420089,Strathearn School,188 BELMONT ROAD,BT4 2AU,info@strathearn.belfast.ni.sch.uk,Secondary (grammar) school,54.60152,-5.86074,16.81,783
1620089,Strathearn School,188 BELMONT ROAD,BT4 2AU,info@strathearn.belfast.ni.sch.uk,Preparatory Schools,54.60152,-5.86074,17.31,142
2116232,Strathfoyle Nursery School,CLONMEEN DRIVE,BT47 6UP,info@strathfoylens.derry.ni.sch.uk,Nursery school,55.03295,-7.26516,26.5,0
5AB0191,Strawberry Tree Playgroup,41 Sheeptown Road,BT34 2LA,strawberrytreesaval@hotmail.co.uk,VP Pre-schools,54.19618,-6.28975,,0
2AB0347,Sugar and Spice Early Years Centre,Units 7/8 Enterprise Centre,BT78 4PH,,VP Pre-schools,54.61877,-7.49101,,0
4420044,Sullivan Upper School,BELFAST ROAD,BT18 9EP,info@sullivanupper.holywood.ni.sch.uk,Secondary (grammar) school,54.6347,-5.83704,16.39,1077
4620044,Sullivan Upper School,1 ALEXANDRA PARK,BT18 9ET,info@sullivanupper.holywood.ni.sch.uk,Preparatory Schools,54.63605,-5.8337,19.34,187
3116150,Sunnylands Nursery School,SUNNYLANDS AVENUE,BT38 8JJ,info@sunnylandsns.carrickfergus.ni.sch.uk,Nursery school,54.72367,-5.81633,26,0
3010860,Sunnylands Primary School,SUNNYLANDS AVENUE,BT38 8JJ,info@sunnylandsps.carrickfergus.ni.sch.uk,Primary school,54.72106,-5.81529,20.25,162
4AB0383,Sunshine Community Playgroup,Killultagh Hall,BT28 2EY,,VP Pre-schools,54.55151,-6.20354,,0
1BB0492,Sunshine Playgroup,Currie Primary School,BT15 3AB,agalway657@c2kni.net,VP Pre-schools,54.61657,-5.93176,,0
3AB0585,Sunshine Playgroup,Harpurs Hill Children and Family Centre,BT52 2ER,,VP Pre-schools,55.13583,-6.65074,,0
5210143,Tandragee Junior High School,ARMAGH ROAD,BT62 2AY,info@tjhs.tandragee.ni.sch.uk,Secondary (non-grammar) school,54.35591,-6.42008,12.94,277
5116640,Tandragee Nursery School,24B MADDEN ROAD,BT62 2DJ,info@tandrageens.tandragee.ni.sch.uk,Nursery school,54.35375,-6.41111,28.89,0
5011116,Tandragee Primary School,7 PORTADOWN ROAD,BT62 2BB,info@tandragee.tandragee.ni.sch.uk,Primary school,54.35735,-6.4143,23.65,322
5031103,Tannaghmore Primary School,LAKE STREET,BT67 9DY,info@tannaghmore.lurgan.ni.sch.uk,Primary school,54.47668,-6.33217,24.13,634
2031863,Tattygar Primary School,6 TATTYGARE ROAD,BT94 5GT,info@tattygarps.enniskillen.ni.sch.uk,Primary school,54.31998,-7.53575,16.5,66
1010301,Taughmonagh Primary School,FINDON GARDENS,BT9 6QL,info@taughmonagh.belfast.ni.sch.uk,Primary school,54.55988,-5.9649,15.93,184
3AB0132,Taylorstown Cross Community Playgroup,Church of Ireland Hall,BT41 3RW,,VP Pre-schools,54.79684,-6.39446,,0
4AB0183,Teconnaught Cross-Community Playgroup,1 Drumnaconagher Road,BT30 9AN,,VP Pre-schools,54.36951,-5.79089,,0
3016014,Templepatrick Primary School,5 LYLEHILL ROAD,BT39 0AQ,info@templepatrickps.ballyclare.ni.sch.uk,Primary school,54.69818,-6.09159,26.48,403
2AB0349,Tempo Community Pre-School,The Diamond,BT94 3LU,,VP Pre-schools,54.37727,-7.4607,,0
2016102,Tempo Primary School,3 CULLION ROAD,BT94 3LU,info@tempops.enniskillen.ni.sch.uk,Primary school,54.38004,-7.458,23.5,94
2032287,Termoncanice Primary School,RATHBRADY ROAD,BT49 9BH,info@termoncanice.limavady.ni.sch.uk,Primary school,55.04636,-6.9502,25.65,483
2116023,The Academy Nursery School,76 ACADEMY ROAD,BT48 7LE,info@academyns.derry.ni.sch.uk,Nursery school,55.0042,-7.33048,26.5,0
1136603,The Cathedral Nursery School,45A ALBERT STREET,BT12 4HB,info@thecathedralns.belfast.ni.sch.uk,Nursery school,54.59776,-5.94303,26,0
5016079,The Cope Primary School,12 BALLYGASSEY ROAD,BT61 8HY,info@thecope.loughgall.ni.sch.uk,Primary school,54.40881,-6.60781,20.1,110
3AA0273,The Country Playgroup,59A Ballycowan Road,BT42 3DW,,VP Pre-schools,54.82705,-6.24294,,0
3010826,The Diamond Primary School,107 DREEN ROAD,BT42 1EE,info@thediamondps.ballymena.ni.sch.uk,Primary school,54.87906,-6.38772,22.14,139
2AB0047,The Dry Arch Children's Centre,Glenshane Business Park,BT47 4QL,,VP Pre-schools,54.93305,-6.91958,,0
4036285,The Good Shepherd Primary School,9 GOOD SHEPHERD ROAD,BT17 0PJ,info@goodshepherdps.belfast.ni.sch.uk,Primary school,54.56705,-6.0265,15.25,305
5116223,The Grove Nursery School,23B BALLINAHONE AVENUE,BT60 1EE,info@thegrovens.armagh.ni.sch.uk,Nursery school,54.34367,-6.63743,26,0
4210029,The High School Ballynahinch,103 BELFAST ROAD,BT24 8EH,info@ballynahinchhigh.ballynahinch.ni.sch.uk,Secondary (non-grammar) school,54.41021,-5.89412,8.97,174
4033012,The Holy Family Primary School,1 DRUMNACONAGHER ROAD,BT30 9AN,info@holyfamilyps.downpatrick.ni.sch.uk,Primary school,54.36951,-5.79089,21.44,193
3CB0352,The Ladybirds Pre-School @ ABC Day Nursery,Building 643,BT29 4BN,,VP Pre-schools,54.65256,-6.21636,,0
4CA0628,The Learning Tree,69 Church Road,BT6 9SA,,VP Pre-schools,54.5682,-5.87577,,0
2AB0451,The Little Castle Playgroup,11 Water Street,BT92 0LZ,,VP Pre-schools,54.25378,-7.44653,,0
5CA0501,The Old Station Playgroup,92 Church Street,BT25 1AA,oldstationplaygroup@gmail.com,VP Pre-schools,54.41492,-6.15514,,0
4AB0147,The Playcentre at Manor Court,Mill Street,BT23 4LT,,VP Pre-schools,54.59345,-5.70145,,0
3CA0137,The Rainbow Private Day Nursery,96 Brustin-Brae Road,BT40 2LJ,,VP Pre-schools,54.88157,-5.86444,,0
1420027,The Royal Belfast Academical Institution,COLLEGE SQUARE EAST,BT1 6DL,info@rbai.belfast.ni.sch.uk,Secondary (grammar) school,54.59704,-5.93648,16.97,1025
5420263,The Royal School Armagh,COLLEGE HILL,BT61 9DH,info@royalschool.armagh.ni.sch.uk,Secondary (grammar) school,54.35064,-6.64806,17.04,720
5420260,The Royal School Dungannon,2 RANFURLEY ROAD,BT71 6AP,info@rsd.dungannon.ni.sch.uk,Secondary (grammar) school,54.50312,-6.76354,16.82,650
3010842,The Wm Pinkerton Memorial Primary School,182 KNOCK ROAD,BT53 8BB,info@thewilliampinkertonmemps.ballymoney.ni.sch.uk,Primary school,55.12384,-6.47294,21,84
3010779,Thompson Primary School,42 MOSSLEY ROAD,BT39 9RX,info@thompsonps.ballyclare.ni.sch.uk,Primary school,54.71662,-6.0029,23.56,178
3316547,Thornfield House School,2-12 JORDANSTOWN ROAD,BT37 0QF,info@thornfieldss.newtownabbey.ni.sch.uk,Special school,54.68276,-5.88618,4.05,0
2420052,Thornhill College,142 CULMORE ROAD,BT48 8JF,info@thornhill.derry.ni.sch.uk,Secondary (grammar) school,55.03814,-7.28245,20.38,1402
4AB0282,Tiddli-Winks Playgroup,68 Groomsport Road,BT20 5NE,pamgibb@sky.com,VP Pre-schools,54.66276,-5.64483,,0
4AB0513,Tiggers Palace Day Nursery,Palace Barracks Community Centre,BT18 9FD,,VP Pre-schools,54.62716,-5.84687,,0
3010404,Tildarg Primary School,6 TILDARG ROAD,BT39 9JU,info@tildargps.ballyclare.ni.sch.uk,Primary school,54.79193,-6.05048,18.28,78
4AB0157,Tiny Toons Community Playgroup,2 Rourkes Link,BT30 7DQ,,VP Pre-schools,54.30216,-5.57001,,0
2AB0620,Tiny Tots Community Playgroup,Clonmeen Drive,BT47 6UU,,VP Pre-schools,55.03253,-7.26516,,0
5BB0403,Tiny Tots Community Playgroup,33A Hillhead Road,BT71 5HY,tinytots33@btconnect.com,VP Pre-schools,54.57397,-6.67853,,0
5AB0465,Tiny Tots Corner Playgroup,10A Esker Park,BT60 4LT,tinytotscorner@hotmail.com,VP Pre-schools,54.34602,-6.77738,,0
2AB0446,Tiny Tots Cross Community PG,68 ARNEY ROAD,BT92 2AB,,VP Pre-schools,54.29045,-7.67057,,0
3AB0371,Tiny Tots Pre-School Centre,Pastoral Centre,BT41 3NJ,,VP Pre-schools,54.75201,-6.46309,,0
5AB0208,Tiny Tots Pre-School Education Centre,28B Dunamore Road,BT80 9NR,yvettequinn@hotmail.co.uk,VP Pre-schools,54.67019,-6.92947,,0
3BB0250,Tir-na-n??g Playgroup,60 Doagh Road,BT39 9BG,,VP Pre-schools,54.75161,-6.00747,,0
3033304,Tir-na-Nog Primary School,DOAGH ROAD,BT39 9BG,info@tirnanogps.ballyclare.ni.sch.uk,Primary school,54.75161,-6.00747,12.08,29
1CA0622,TLC Playgroup,162a Cavehill Road,BT15 5EX,tlcplaygroup@yahoo.com,VP Pre-schools,54.6317,-5.94773,,0
3AB0482,Tober Tinys Community Playgroup,Unit 2 Business Park,BT45 5SG,,VP Pre-schools,54.81066,-6.70402,,0
3012233,Tobermore Primary School,6 MAGHERA ROAD,BT45 5QB,info@tobermoreps.magherafelt.ni.sch.uk,Primary school,54.81238,-6.70686,18.53,63
4BB0384,Toddle-in Playgroup,36A Church Road,BT23 6BB,,VP Pre-schools,54.53236,-5.8273,,0
4010885,Tonagh Primary School,TONAGH AVENUE,BT28 1DQ,info@tonaghps.lisburn.ni.sch.uk,Primary school,54.5123,-6.05566,19.97,229
4316517,Tor Bank Special School,5 Dunlady Road,BT16 1TT,info@torbankss.belfast.ni.sch.uk,Special school,54.59588,-5.79492,7.15,0
3013332,Toreagh Primary School,62 RALOO ROAD,BT40 3DU,info@toreaghps.larne.ni.sch.uk,Primary school,54.80718,-5.86241,17.62,106
4016111,Towerview Primary School,100 TOWERVIEW CRESCENT,BT19 6AZ,info@towerviewps.bangor.ni.sch.uk,Primary school,54.66187,-5.6198,22.86,358
2116348,Trench Road Nursery School,TRENCH ROAD,BT47 2DT,info@trenchroadns.derry.ni.sch.uk,Nursery school,54.98503,-7.30795,27,0
4116175,Trinity Nursery School,BRUNSWICK ROAD,BT20 3DW,info@trinitynurseryschool.co.uk,Nursery school,54.65762,-5.67589,27,0
5CA0520,Trinity Park Pre-School,51 Cottage Road,BT67 9ND,trinity-park@live.co.uk,VP Pre-schools,54.46801,-6.29543,,0
1110025,Tudor Lodge Nursery School,TUDOR PLACE CRUMLIN ROAD,BT13 1LY,info@tudorlodgens.belfast.ni.sch.uk,Nursery school,54.60897,-5.94694,26,0
4013038,Tullycarnet Primary School,KING'S ROAD,BT5 7EH,info@tullycarnetps.belfast.ni.sch.uk,Primary school,54.58782,-5.82875,11.83,71
5011190,Tullygally Primary School,21 MEADOWBROOK ROAD,BT65 5AA,info@tullygally.lurgan.ni.sch.uk,Primary school,54.45223,-6.36044,18.2,130
2032603,Tummery Primary School,118 NEWPARK ROAD,BT78 3JZ,info@tummeryps.dromore.ni.sch.uk,Primary school,54.49609,-7.53348,14,42
5BB0199,Twinkle Playgroup,24 Mullinahoe Road,BT71 5AT,twinklepreschool@hotmail.co.uk,VP Pre-schools,54.61161,-6.55933,,0
3260299,Ulidia Integrated College,112 VICTORA ROAD,BT38 7JL,info@ulidia.carrickfergus.ni.sch.uk,Secondary (non-grammar) school,54.73139,-5.79753,14.42,581
3010850,Upper Ballyboley Primary School,36 BRAEPARK ROAD,BT39 9UW,info@upperballyboleyps.ballyclare.ni.sch.uk,Primary school,54.79651,-5.95411,13.67,41
1420264,Victoria College,CRANMORE PARK,BT9 6JA,info@victoriacollege.belfast.ni.sch.uk,Secondary (grammar) school,54.57247,-5.95029,16.17,874
1620264,Victoria College Prepatory School,CRANMORE PARK,BT9 6JA,info@victoriacollege.belfast.ni.sch.uk,Preparatory Schools,54.57233,-5.94933,13.45,156
1116011,Victoria Nursery School,1-3 VICTORIA PARADE,BT15 2EP,info@victorians.belfast.ni.sch.uk,Nursery school,54.60932,-5.92988,26,0
1016655,Victoria Park Primary School,Strandburn Street,BT4 1LX,info@victoriaparkps.belfast.ni.sch.uk,Primary school,54.60478,-5.88222,25.22,390
3013330,Victoria Primary School,CORONATION ROAD,BT38 7EZ,info@victoriaps.carrickfergus.ni.sch.uk,Primary school,54.72282,-5.79467,25.84,434
4011646,Victoria Primary School,EAST STREET,BT23 7DD,info@victoriaps.newtownards.ni.sch.uk,Primary school,54.5958,-5.68794,23.11,550
4011488,Victoria Primary School (Ballyhalbert),2 VICTORIA ROAD,BT22 1DQ,info@vicpsballyhalbert.newtownards.ni.sch.uk,Primary school,54.49343,-5.46257,18.13,145
1CA0650,Village Sure Start,339 Donegall Road,BT12 6FQ,,VP Pre-schools,54.58912,-5.95042,,0
5012657,Walker Memorial Primary School,19 ANNAGHMAKEOWN ROAD,BT70 3DQ,info@walkermemorial.dungannon.ni.sch.uk,Primary school,54.50874,-6.83777,17.05,71
4420051,Wallace High School,12A CLONEVIN PARK,BT28 3AD,info@wallace.lisburn.ni.sch.uk,Secondary (grammar) school,54.51832,-6.05117,16.35,1167
4620051,Wallace High School,12A CLONEVIN PARK,BT28 3AD,info@wallace.lisburn.ni.sch.uk,Preparatory Schools,54.51832,-6.05117,16.51,119
5011598,Waringstown Primary School,1 BANBRIDGE ROAD,BT66 7QH,info@waringstown.waringstown.ni.sch.uk,Primary school,54.43394,-6.30079,24.37,398
5CA0618,Washingford Playgroup,15 Washingford Row,BT71 7BG,washingford.playgroup@hotmail.co.uk,VP Pre-schools,54.50118,-6.77064,,0
3AB0130,Watt Fun Community Playgroup,Ballywatt Road,BT52 2LT,,VP Pre-schools,55.16118,-6.57973,,0
1CA0410,Wee Care Day Nursery,8 Kings Road,BT5 6JJ,kingsroad@weecare.co.uk,VP Pre-schools,54.59309,-5.8671,,0
1410270,Wellington College,18 CAROLAN ROAD,BT7 3HE,info@wellington.belfast.ni.sch.uk,Secondary (grammar) school,54.5709,-5.91913,16.36,790
4016083,West Winds Primary School,SUNDERLAND PARK,BT23 4RQ,info@westwindsps.newtownards.ni.sch.uk,Primary school,54.58074,-5.69947,18.28,156
1016532,Wheatfield Primary School,ALLIANCE ROAD,BT14 7JE,info@wheatfield.belfast.ni.sch.uk,Primary school,54.62058,-5.96771,16.08,131
3010846,Whiteabbey Primary School,20-30 OLD MANSE ROAD,BT37 0RU,info@whiteabbeyps.newtownabbey.ni.sch.uk,Primary school,54.67956,-5.89497,25.83,421
3010874,Whitehead Primary School,3 ISLANDMAGEE ROAD,BT38 9NE,info@whiteheadps.whitehead.ni.sch.uk,Primary school,54.75689,-5.70707,25.28,379
3010827,Whitehouse Primary School,2 DOAGH ROAD,BT37 9NZ,info@whitehouseps.newtownabbey.ni.sch.uk,Primary school,54.66099,-5.91129,23.11,405
2316694,Willowbridge School,8 LOUGH SHORE ROAD,BT74 7EY,info@willowbridge.enniskillen.ni.sch.uk,Special school,54.35071,-7.65954,5.95,0
5066554,Windmill Integrated Primary School,30 OLD EGLISH ROAD,BT71 7BE,info@windmillintegrated.dungannon.ni.sch.uk,Primary school,54.49744,-6.77225,22.55,220
5AB0506,Windmill Playgroup,Well Lane Community Centre,BT34 1HE,bernadetteheaney1@sky.com,VP Pre-schools,54.17509,-6.33374,,0
5016451,Windsor Hill Primary School,CHURCH AVENUE,BT34 1DY,info@windsorhill.newry.ni.sch.uk,Primary school,54.18011,-6.33269,23.55,219
1CA0651,Windsor Womens Centre,136-144 Broadway,BT12 6HY,jhurst15.jh@gmail.com,VP Pre-schools,54.58738,-5.95426,,0
1AB0025,Wishing Well Family Centre,7-9 Alliance Crescent,BT14 7PL,thwishingwell@msn.com,VP Pre-schools,54.61998,-5.95865,,0
3AB0126,Woodburn Playgroup,Oakfield Community Development Centre,BT38 7SP,,VP Pre-schools,54.73235,-5.80591,,0
3010696,Woodburn Primary School,114 WOODBURN ROAD,BT38 9AB,info@woodburn.carrickfergus.ni.sch.uk,Primary school,54.72716,-5.84059,22,189
5AB0418,Woodland Adventure Playgroup,32b Aughadarragh Road,BT77 0ET,woodlandleader@yahoo.com,VP Pre-schools,54.3946,-7.10663,,0
2BB0317,Woodlands pre school centre,31A Longland Road,BT82 0PH,,VP Pre-schools,54.87684,-7.30396,,0
3016225,Woodlawn Primary School,2 WOODBURN AVENUE,BT38 8EZ,info@woodlawnps.carrickfergus.ni.sch.uk,Primary school,54.7218,-5.8213,20.4,257
5013702,Woods Primary School,38 OAKLEA ROAD,BT45 6HX,info@woods.magherafelt.ni.sch.uk,Primary school,54.71864,-6.55057,21.63,173
1CA0652,YMCA Daycare,58 Knightsbridge Park,BT9 5EH,valerie@belfast-ymca.org,VP Pre-schools,54.56606,-5.93852,,
